page_id,access_frequency,last_access_time_ns,read_count,write_count,inter_access_time_ns,access_type,page_fault
34094038552,1,51170363337394,0,1,0,1,0
34094038531,1,51170363537378,0,1,0,1,0
34094038518,1,51170363610083,0,1,0,1,0
34094038545,1,51170363683351,0,1,0,1,0
23099900676,1,51170364106768,1,0,0,0,0
23099900677,1,51170364111847,0,1,0,1,0
34094038963,1,51170364125727,0,1,0,1,0
23099900318,1,51170364144054,1,0,0,0,0
23099900319,1,51170364149087,0,1,0,1,0
23099900689,1,51170364152158,1,0,0,0,0
23099893763,1,51170364165248,1,0,0,0,0
34094039019,1,51170364170840,0,1,0,1,0
23099900316,1,51170364178501,1,0,0,0,0
34094040199,1,51170364185896,0,1,0,1,0
23099900021,1,51170364190183,1,0,0,0,0
34094038534,1,51170364193562,0,1,0,1,0
23099900102,1,51170364197307,1,0,0,0,0
34094038036,1,51170364210866,0,1,0,1,0
23099900237,1,51170364216292,1,0,0,0,0
23099900447,1,51170364218937,1,0,0,0,0
23099900448,1,51170364221372,1,0,0,0,0
23099902551,1,51170364223866,1,0,0,0,0
34094068705,1,51170364227618,0,1,0,1,0
34094038556,1,51170364267041,0,1,0,1,0
23099900338,1,51170364288352,1,0,0,0,0
34094038560,1,51170364292521,0,1,0,1,1
34094038035,1,51170364308745,0,1,0,1,0
34094006272,1,51170364368127,0,1,0,1,0
34094038537,1,51170364384896,0,1,0,1,0
34094038034,1,51170364418735,0,1,0,1,0
23099893655,1,51170364477744,1,0,0,0,0
34094041641,1,51170364492033,1,0,0,0,0
23099900658,1,51170364567841,1,0,0,0,0
34094038136,3,51170368462233,1,2,0,0,0
34094038137,1,51170364616430,1,0,0,0,0
34094006273,1,51170364628601,0,1,0,1,0
23099900250,1,51170364646775,0,1,0,1,1
23099900484,1,51170364655195,0,1,0,1,0
23099900257,1,51170364662543,0,1,0,1,0
23099900479,1,51170364676196,1,0,0,0,0
23099900480,1,51170364683124,1,0,0,0,1
23099900323,1,51170364694754,1,0,0,0,0
23099900322,1,51170364703544,0,1,0,1,0
23099900388,1,51170364709241,1,0,0,0,0
34094038033,1,51170364716029,0,1,0,1,0
23099901351,1,51170364725393,1,0,0,0,0
23099900176,1,51170364735975,1,0,0,0,0
23099900177,1,51170364742042,1,0,0,0,0
23099900377,1,51170364753188,1,0,0,0,0
23099900378,1,51170364758838,1,0,0,0,0
23099900379,1,51170364765556,0,1,0,1,0
23099900380,1,51170364774186,1,0,0,0,1
23099901223,1,51170364793648,0,1,0,1,0
34094038525,1,51170364807841,0,1,0,1,0
23099900381,1,51170364824791,1,0,0,0,0
34094045198,1,51170364834328,1,0,0,0,0
23099900110,1,51170364856174,1,0,0,0,1
34094038032,1,51170364876290,0,1,0,1,0
34094006274,1,51170364901346,0,1,0,1,0
34094038381,1,51170364955745,1,0,0,0,0
34094042456,1,51170364974507,0,1,0,1,0
23099900376,1,51170365023210,1,0,0,0,0
34094038521,1,51170365043490,0,1,0,1,0
23099901024,1,51170365145975,0,1,0,1,0
23099900326,1,51170365164720,0,1,0,1,0
23099900254,1,51170365181663,1,0,0,0,0
23099900384,1,51170365190229,1,0,0,0,0
23099900005,1,51170365218445,1,0,0,0,0
23099893636,1,51170365225016,1,0,0,0,0
34094039824,1,51170365269501,1,0,0,0,0
34094039827,1,51170365275701,0,1,0,1,0
34094038832,1,51170365334729,1,0,0,0,0
34094038833,1,51170365341003,1,0,0,0,0
23099900324,1,51170365358243,0,1,0,1,0
23099900387,1,51170365364437,1,0,0,0,0
23099900346,1,51170365381263,1,0,0,0,0
23099900347,1,51170365387340,1,0,0,0,0
34094006275,1,51170365620252,0,1,0,1,0
23099900309,1,51170365714401,0,1,0,1,0
34094050108,1,51170365848295,0,1,0,1,0
23099902467,1,51170366291049,1,0,0,0,0
34094041516,1,51170366304088,1,0,0,0,0
34094040256,1,51170366314710,1,0,0,0,0
34094042564,1,51170366321204,1,0,0,0,0
34094042523,1,51170366327194,1,0,0,0,0
23099902050,1,51170366339445,1,0,0,0,1
34094041419,1,51170366346844,1,0,0,0,0
34094042442,1,51170366353365,1,0,0,0,0
34094043676,1,51170366367347,1,0,0,0,0
34094045254,1,51170366374215,1,0,0,0,0
23099901409,1,51170366380292,1,0,0,0,0
34094041433,1,51170366394212,1,0,0,0,0
34094041456,1,51170366407387,1,0,0,0,0
34094041426,1,51170366413744,1,0,0,0,0
34094041424,1,51170366424734,1,0,0,0,0
34094041444,1,51170366431792,1,0,0,0,0
34094041429,1,51170366438636,1,0,0,0,0
34094041428,1,51170366444527,1,0,0,0,0
34094042480,1,51170366451338,1,0,0,0,1
34094041436,1,51170366458563,1,0,0,0,0
34094042763,1,51170366464913,1,0,0,0,0
34094042645,1,51170366470770,1,0,0,0,0
34094040078,1,51170366477982,1,0,0,0,0
34094040269,1,51170366492772,1,0,0,0,0
34094042616,1,51170366499747,0,1,0,1,0
34094040658,1,51170366511207,1,0,0,0,0
34094041445,1,51170366517594,1,0,0,0,0
34094041430,1,51170366523501,1,0,0,0,1
34094041408,1,51170366529762,1,0,0,0,0
34094041420,1,51170366539323,1,0,0,0,1
34094040547,1,51170366547769,1,0,0,0,0
34094040094,1,51170366553803,0,1,0,1,0
34094041581,1,51170366562599,1,0,0,0,0
34094041506,1,51170366568603,1,0,0,0,0
34094040550,1,51170366580620,1,0,0,0,1
23099893661,1,51170366591623,1,0,0,0,0
34094049871,1,51170366611663,0,1,0,1,0
34094049868,1,51170366617783,1,0,0,0,0
23099902081,1,51170366628085,0,1,0,1,0
23099901950,1,51170366637980,1,0,0,0,1
34094042993,1,51170366644184,1,0,0,0,0
34094042561,1,51170366652136,1,0,0,0,0
23099901421,1,51170366661260,0,1,0,1,0
34094041539,1,51170366668655,0,1,0,1,0
34094043649,1,51170366693147,1,0,0,0,0
34094043262,1,51170366712396,1,0,0,0,0
34094038541,1,51170366763104,0,1,0,1,0
34094047586,1,51170366785797,0,1,0,1,0
34094049505,1,51170366795905,0,1,0,1,0
34094040642,1,51170366811246,0,1,0,1,0
34094041537,1,51170366836162,0,1,0,1,0
34094038535,1,51170366857904,0,1,0,1,0
34094042750,1,51170366908078,0,1,0,1,1
34094047496,1,51170366916708,1,0,0,0,0
34094038031,1,51170366960682,0,1,0,1,0
34094006286,1,51170367005110,0,1,0,1,0
34094006276,1,51170367013276,0,1,0,1,0
34094006277,1,51170367024105,0,1,0,1,0
34094006278,1,51170367031220,0,1,0,1,0
34094006279,1,51170367038195,0,1,0,1,0
34094006280,1,51170367045166,0,1,0,1,1
34094006281,1,51170367052034,0,1,0,1,0
34094006282,1,51170367058886,0,1,0,1,0
34094006283,1,51170367065713,0,1,0,1,0
34094006284,1,51170367072595,0,1,0,1,0
34094006285,1,51170367079346,0,1,0,1,0
23099893689,1,51170367100647,1,0,0,0,0
23099900604,1,51170367122629,1,0,0,0,0
34094042610,1,51170367233711,1,0,0,0,1
34094040131,1,51170367244823,1,0,0,0,0
34094042579,1,51170367250844,1,0,0,0,0
23099901131,1,51170367343310,0,1,0,1,0
34094041406,1,51170367428395,1,0,0,0,0
34094040284,1,51170367437222,1,0,0,0,0
34094040257,1,51170367482014,1,0,0,0,0
34094042567,1,51170367489092,1,0,0,0,0
34094042584,1,51170367495072,1,0,0,0,0
34094042557,1,51170367502778,1,0,0,0,0
34094040251,1,51170367508968,1,0,0,0,0
34094040143,1,51170367514635,1,0,0,0,0
34094043261,1,51170367521012,1,0,0,0,0
34094042761,1,51170367527109,1,0,0,0,0
34094040112,1,51170367536674,1,0,0,0,0
34094040728,1,51170367545053,1,0,0,0,0
34094040687,1,51170367577367,1,0,0,0,0
34094041643,1,51170367605773,1,0,0,0,0
34094042505,1,51170367621788,1,0,0,0,0
34094040503,1,51170367629668,1,0,0,0,0
34094042625,1,51170367636579,1,0,0,0,0
34094045162,1,51170367643036,0,1,0,1,0
34094045160,1,51170367648873,1,0,0,0,1
34094045323,1,51170367831013,1,0,0,0,0
34094040144,1,51170367840611,1,0,0,0,0
34094038538,1,51170367847526,0,1,0,1,0
34094042548,1,51170367856930,1,0,0,0,0
34094042547,1,51170367866180,1,0,0,0,0
34094042434,1,51170367875925,1,0,0,0,0
34094042491,1,51170367884325,0,1,0,1,0
34094040189,1,51170367896812,1,0,0,0,0
34094042539,1,51170367902796,1,0,0,0,0
34094042568,1,51170367910945,0,1,0,1,0
34094043399,1,51170367947388,1,0,0,0,0
23099902101,1,51170367954789,1,0,0,0,0
34094042926,1,51170367960926,1,0,0,0,0
34094043776,1,51170367975233,1,0,0,0,0
34094043763,1,51170367981620,1,0,0,0,0
34094038564,1,51170367988054,0,1,0,1,0
34094047510,1,51170367995934,1,0,0,0,1
34094043764,1,51170368055639,1,0,0,0,0
34094040755,1,51170368074107,1,0,0,0,0
34094040669,1,51170368094564,1,0,0,0,0
34094040618,1,51170368115481,1,0,0,0,0
34094041619,1,51170368171192,1,0,0,0,0
34094041476,1,51170368178618,1,0,0,0,0
34094041469,1,51170368184651,1,0,0,0,0
34094040258,1,51170368338495,1,0,0,0,0
34094042588,1,51170368348400,1,0,0,0,0
34094041387,1,51170368358756,1,0,0,0,0
34094040732,1,51170368367132,1,0,0,0,0
34094040660,1,51170368392728,1,0,0,0,1
34094041582,1,51170368396292,1,0,0,0,0
34094041484,1,51170368399544,1,0,0,0,0
34094038561,1,51170368404527,0,1,0,1,0
34094043255,1,51170368419798,1,0,0,0,0
34094042490,1,51170368424628,1,0,0,0,1
34094038136,3,51170368462233,1,2,3849093,1,0
34094038136,3,51170368462233,1,2,4652,1,0
34094041634,1,51170368534890,1,0,0,0,0
34094041479,1,51170368540632,1,0,0,0,0
34094041489,1,51170368544598,1,0,0,0,0
23099902029,1,51170368548476,1,0,0,0,0
34094040536,1,51170368552214,1,0,0,0,0
34094041520,1,51170368555821,1,0,0,0,1
34094041470,1,51170368559294,1,0,0,0,1
34094041570,1,51170368563155,1,0,0,0,1
34094042592,1,51170368567658,1,0,0,0,0
34094042513,1,51170368570949,1,0,0,0,0
34094041462,1,51170368574424,1,0,0,0,0
34094045396,1,51170368578169,0,1,0,1,0
34094041635,1,51170368581442,1,0,0,0,0
34094041497,1,51170368585035,1,0,0,0,0
34094041500,1,51170368588414,1,0,0,0,1
34094042618,1,51170368591626,1,0,0,0,0
34094040332,1,51170368595609,0,1,0,1,0
34094041596,1,51170368599135,1,0,0,0,0
23099901662,1,51170368603773,0,1,0,1,0
34094043364,1,51170368608724,1,0,0,0,0
34094042779,1,51170368612348,1,0,0,0,0
34094043382,1,51170368616161,1,0,0,0,0
23099901661,1,51170368619680,1,0,0,0,0
34094043327,1,51170368623084,1,0,0,0,0
23099901660,1,51170368626545,1,0,0,0,1
34094042777,1,51170368630139,1,0,0,0,0
34094042800,1,51170368633876,1,0,0,0,1
34094042793,1,51170368638143,1,0,0,0,0
34094043029,1,51170368643102,1,0,0,0,0
34094043313,1,51170368647160,1,0,0,0,0
34094042778,1,51170368651068,1,0,0,0,0
34094043390,1,51170368661011,1,0,0,0,1
34094042803,1,51170368664525,1,0,0,0,0
34094043320,1,51170368668768,1,0,0,0,1
34094043274,1,51170368672072,1,0,0,0,0
34094042417,1,51170368679063,1,0,0,0,0
34094041459,1,51170368699379,1,0,0,0,0
34094041535,1,51170368706625,1,0,0,0,0
34094041595,1,51170368711024,1,0,0,0,0
34094041515,1,51170368715838,1,0,0,0,0
34094041375,1,51170368719794,0,1,0,1,0
34094041374,1,51170368723939,0,1,0,1,0
34094041378,1,51170368728162,1,0,0,0,0
34094041379,1,51170368731786,1,0,0,0,0
34094041298,1,51170368735761,1,0,0,0,0
34094041369,1,51170368745021,1,0,0,0,0
34094041376,1,51170368748836,1,0,0,0,0
34094049715,1,51170368753531,1,0,0,0,0
34094042483,1,51170368756893,1,0,0,0,0
23099902010,1,51170368761043,1,0,0,0,1
34094040361,1,51170368767490,0,1,0,1,0
34094041318,1,51170368771472,1,0,0,0,0
34094041196,1,51170368778628,1,0,0,0,0
34094041532,1,51170368786546,1,0,0,0,0
34094047400,1,51170368791658,1,0,0,0,1
23099901245,1,51170368795536,1,0,0,0,0
34094046965,1,51170368799626,0,1,0,1,0
34094046709,1,51170368803759,1,0,0,0,0
34094046977,1,51170368810909,1,0,0,0,0
34094046956,1,51170368814897,1,0,0,0,0
34094046970,1,51170368819309,1,0,0,0,1
34094046969,1,51170368822829,1,0,0,0,0
34094046971,1,51170368826121,1,0,0,0,0
34094049701,1,51170368829943,0,1,0,1,0
34094047402,1,51170368835105,1,0,0,0,0
34094047401,1,51170368838626,1,0,0,0,0
34094047381,1,51170368842332,1,0,0,0,0
34094045330,1,51170368846181,1,0,0,0,1
34094046967,1,51170368850183,1,0,0,0,0
34094046768,1,51170368853668,1,0,0,0,0
34094046530,1,51170368860338,1,0,0,0,1
34094047403,1,51170368869697,1,0,0,0,0
34094046968,1,51170368873284,1,0,0,0,0
34094046976,1,51170368881575,1,0,0,0,0
34094049501,1,51170368886271,1,0,0,0,0
23099893765,1,51170368890808,1,0,0,0,0
34094046894,1,51170368894590,1,0,0,0,0
34094006287,1,51170368901779,0,1,0,1,0
34094038835,1,51170368913190,0,1,0,1,0
34094038522,1,51170368922783,0,1,0,1,0
34094043273,1,51170368933791,0,1,0,1,0
34094038542,1,51170368941847,0,1,0,1,0
34094038568,1,51170368949667,0,1,0,1,0
34094040320,1,51170368958501,0,1,0,1,1
34094040194,1,51170368975984,0,1,0,1,0
34094038569,1,51170369015967,0,1,0,1,0
34094047450,1,51170369034185,0,1,0,1,1
34094038570,1,51170369056941,0,1,0,1,1
34094040273,1,51170369232759,1,0,0,0,0
34094042607,1,51170369240151,1,0,0,0,0
34094038806,1,51170369244175,0,1,0,1,0
34094042762,1,51170369250076,1,0,0,0,0
34094042525,1,51170369253573,1,0,0,0,0
34094047584,1,51170369632622,0,1,0,1,0
34094041467,1,51170369640493,1,0,0,0,0
34094041572,1,51170369645398,1,0,0,0,0
34094042559,1,51170369650378,1,0,0,0,0
34094040071,1,51170369654491,1,0,0,0,0
34094042512,1,51170369659106,1,0,0,0,0
34094042578,1,51170369662612,1,0,0,0,0
34094042648,1,51170369666006,0,1,0,1,0
34094042526,1,51170369669803,1,0,0,0,0
34094041509,1,51170369681508,1,0,0,0,0
34094041632,1,51170369692932,1,0,0,0,0
34094041477,1,51170369696724,1,0,0,0,0
34094041442,1,51170369700267,1,0,0,0,0
34094041571,1,51170369703624,1,0,0,0,0
34094043779,1,51170369714453,0,1,0,1,0
34094042528,1,51170369725242,1,0,0,0,0
34094041422,1,51170369729976,1,0,0,0,0
34094041480,1,51170369733493,1,0,0,0,1
34094041546,1,51170369742722,1,0,0,0,0
34094041549,1,51170369746392,1,0,0,0,0
23099902009,1,51170369750541,1,0,0,0,0
34094040726,1,51170369760773,1,0,0,0,0
34094040722,1,51170369764249,1,0,0,0,0
34094041556,1,51170369773540,1,0,0,0,0
34094042830,1,51170369810290,1,0,0,0,1
34094040288,1,51170369815276,0,1,0,1,0
34094040775,1,51170369819082,1,0,0,0,0
34094040781,1,51170369826634,0,1,0,1,0
34094040787,1,51170369832690,1,0,0,0,0
34094040742,1,51170369837050,1,0,0,0,0
34094040777,1,51170369841685,1,0,0,0,0
34094040292,1,51170369845354,1,0,0,0,0
34094040281,1,51170369852039,1,0,0,0,0
34094038388,1,51170369855753,1,0,0,0,0
34094041449,1,51170369860780,1,0,0,0,0
34094040695,1,51170369867561,1,0,0,0,0
34094039788,1,51170369872596,0,1,0,1,0
34094040629,1,51170369877992,1,0,0,0,0
34094043840,1,51170369886393,1,0,0,0,1
34094043823,1,51170369890376,1,0,0,0,0
34094043797,1,51170369893633,0,1,0,1,0
34094040736,1,51170369908494,1,0,0,0,0
34094040285,1,51170369912366,1,0,0,0,0
34094042555,1,51170369917930,1,0,0,0,0
34094042600,1,51170369930943,1,0,0,0,1
34094038539,1,51170369935587,0,1,0,1,0
34094050143,1,51170369943940,1,0,0,0,0
34094042994,1,51170369953352,1,0,0,0,0
34094040663,1,51170369958617,1,0,0,0,0
34094040289,1,51170369964515,1,0,0,0,0
34094040296,1,51170369971219,1,0,0,0,0
34094038557,1,51170369974889,0,1,0,1,0
34094041441,1,51170369988029,1,0,0,0,0
34094035732,1,51170370003213,0,1,0,1,0
34094042443,1,51170370010835,1,0,0,0,0
34094041403,1,51170370014983,0,1,0,1,0
34094041414,1,51170370018534,1,0,0,0,0
23099901924,1,51170370022093,1,0,0,0,0
34094042582,1,51170370041122,1,0,0,0,0
34094040782,1,51170370055393,1,0,0,0,0
34094041453,1,51170370059331,1,0,0,0,0
34094042538,1,51170370065156,1,0,0,0,0
34094041498,1,51170370073536,1,0,0,0,0
34094041443,1,51170370077554,1,0,0,0,0
34094041482,1,51170370083144,1,0,0,0,0
34094041491,1,51170370086828,0,1,0,1,0
34094041487,1,51170370090724,1,0,0,0,0
34094047397,1,51170370096944,0,1,0,1,0
34094038565,1,51170370100914,0,1,0,1,0
34094043760,1,51170370107830,1,0,0,0,1
34094043759,1,51170370111254,1,0,0,0,0
34094006288,1,51170370115279,0,1,0,1,0
34094047558,1,51170370120081,1,0,0,0,0
23099901454,1,51170370123750,1,0,0,0,0
34094043744,1,51170370128836,0,1,0,1,0
34094043730,1,51170370136016,0,1,0,1,1
34094049968,1,51170370140400,0,1,0,1,0
34094038519,1,51170370156400,0,1,0,1,0
34094042782,1,51170370210834,1,0,0,0,0
34094041492,1,51170370215738,1,0,0,0,0
34094049598,1,51170370225962,1,0,0,0,0
34094038543,1,51170370231848,0,1,0,1,0
34094045300,1,51170370243365,1,0,0,0,1
34094045343,1,51170370250910,0,1,0,1,0
34094044433,1,51170370254975,1,0,0,0,0
34094044439,1,51170370258820,1,0,0,0,0
34094006289,1,51170370265946,0,1,0,1,0
34094041566,1,51170370293019,1,0,0,0,0
34094040753,1,51170370299990,1,0,0,0,0
34094041495,1,51170370312650,1,0,0,0,0
34094038523,1,51170370333591,0,1,0,1,0
34094042465,1,51170370341759,0,1,0,1,0
34094043814,1,51170370347347,0,1,0,1,0
23099900622,1,51170370355688,0,1,0,1,0
34094040689,1,51170370370934,1,0,0,0,0
23099900013,1,51170370379404,1,0,0,0,0
34094040741,1,51170370392836,1,0,0,0,0
34094040651,1,51170370428210,1,0,0,0,0
34094040586,1,51170370439693,1,0,0,0,0
34094006290,1,51170371325315,0,1,0,1,1
34094378334,2,51170372461393,1,1,0,0,0
34094378335,2,51170373392978,1,1,0,0,0
34094378334,2,51170372461393,1,1,1042366,1,0
34094378336,2,51170374317670,1,1,0,0,0
34094378335,2,51170373392978,1,1,996760,1,0
34094378337,2,51170375262310,1,1,0,0,0
34094378336,2,51170374317670,1,1,991669,1,0
34094035736,1,51170374740655,0,1,0,1,0
34094378338,2,51170376205016,1,1,0,0,0
34094378337,2,51170375262310,1,1,1009837,1,0
34094378339,2,51170377098659,1,1,0,0,0
34094378338,2,51170376205016,1,1,1007948,1,0
34094378340,2,51170378064898,1,1,0,0,1
34094378339,2,51170377098659,1,1,957543,1,0
34094035740,1,51170377694250,0,1,0,1,1
34094006291,1,51170377872527,0,1,0,1,0
34094378341,2,51170378960246,1,1,0,0,0
34094378340,2,51170378064898,1,1,1029769,1,1
34094378342,2,51170379850355,1,1,0,0,0
34094378341,2,51170378960246,1,1,1005791,1,0
34094378343,2,51170380775727,1,1,0,0,0
34094378342,2,51170379850355,1,1,953049,1,0
34094378344,2,51170381670298,1,1,0,0,0
34094378343,2,51170380775727,1,1,989083,1,0
34094006292,1,51170381519464,0,1,0,1,0
34094035737,1,51170381577918,0,1,0,1,0
34094378345,2,51170382532740,1,1,0,0,0
34094378344,2,51170381670298,1,1,956279,1,0
34094378346,2,51170383387004,1,1,0,0,0
34094378345,2,51170382532740,1,1,921295,1,0
34094378346,2,51170383387004,1,1,915418,1,0
34094035741,1,51170383997518,0,1,0,1,0
34094038553,1,51170384094221,0,1,0,1,0
34094006293,1,51170384999338,0,1,0,1,0
34094006294,1,51170387539682,0,1,0,1,0
34094038549,1,51170388459572,0,1,0,1,0
34094035742,1,51170390818423,0,1,0,1,0
34094038118,3,51170392832989,1,2,0,0,0
34094038119,1,51170391950686,1,0,0,0,0
34094035738,1,51170392724739,0,1,0,1,0
34094038118,3,51170392832989,1,2,884637,1,0
34094038118,3,51170392832989,1,2,4916,1,0
34094006295,1,51170396102345,0,1,0,1,0
34094038571,1,51170396193824,0,1,0,1,0
34094035739,1,51170402959770,0,1,0,1,0
34094035744,1,51170404561410,0,1,0,1,0
34094006296,1,51170404651966,0,1,0,1,0
34094006297,1,51170408136780,0,1,0,1,0
34094035748,1,51170414107717,0,1,0,1,0
34094006298,1,51170420944849,0,1,0,1,0
34094006299,1,51170421908669,0,1,0,1,0
34094035745,1,51170425341676,0,1,0,1,0
34094006300,1,51170429715550,0,1,0,1,1
34094006301,1,51170430598445,0,1,0,1,0
34094035746,1,51170436681379,0,1,0,1,0
34094006303,1,51170439332357,0,1,0,1,0
34094006302,1,51170439343678,0,1,0,1,0
34094038550,1,51170441972515,0,1,0,1,1
34094006304,1,51170444646700,0,1,0,1,0
34094006305,1,51170445543665,0,1,0,1,0
34094035747,1,51170447291895,0,1,0,1,0
34094006306,1,51170448227862,0,1,0,1,0
34094035752,1,51170458821872,0,1,0,1,0
34094006308,1,51170458872959,0,1,0,1,0
34094006307,1,51170458881562,0,1,0,1,0
34094006309,1,51170459780680,0,1,0,1,0
34094006310,1,51170465146253,0,1,0,1,1
34094035753,1,51170470453730,0,1,0,1,0
34094006311,1,51170470506317,0,1,0,1,0
34094006313,1,51170471427580,0,1,0,1,0
34094006312,1,51170471439199,0,1,0,1,0
34094006314,1,51170479417125,0,1,0,1,0
34094035756,1,51170480007354,0,1,0,1,0
34094006316,1,51170480344300,0,1,0,1,0
34094006315,1,51170480355374,0,1,0,1,0
34094035754,1,51170481220668,0,1,0,1,0
34094038120,1,51170481336241,1,0,0,0,1
34094035749,1,51170485729539,0,1,0,1,0
34094035755,1,51170492810779,0,1,0,1,0
34094038551,1,51170496406621,0,1,0,1,0
34094006317,1,51170499115077,0,1,0,1,0
34094035760,1,51170504455786,0,1,0,1,1
34094006318,1,51170507170361,0,1,0,1,0
34094035761,1,51170515194585,0,1,0,1,0
34094035762,1,51170525611273,0,1,0,1,0
34094006321,1,51170526387265,0,1,0,1,0
34094006319,1,51170526397373,0,1,0,1,0
34094006320,1,51170526401192,0,1,0,1,1
34094006324,1,51170527146696,0,1,0,1,0
34094006322,1,51170527156476,0,1,0,1,0
34094006323,1,51170527160320,0,1,0,1,0
34094035750,1,51170529397172,0,1,0,1,1
34094035763,1,51170535184714,0,1,0,1,0
34094006325,1,51170540320717,0,1,0,1,0
34094035764,1,51170544625249,0,1,0,1,0
34094035768,1,51170544640946,0,1,0,1,0
34094035765,1,51170553269583,0,1,0,1,0
34094006326,1,51170557586374,0,1,0,1,0
34094035766,1,51170561860314,0,1,0,1,0
34094038121,1,51170562653557,1,0,0,0,0
34094035751,1,51170566140718,0,1,0,1,0
34094035767,1,51170571060626,0,1,0,1,0
34094006327,1,51170572498900,0,1,0,1,0
34094035772,1,51170580188162,0,1,0,1,0
34094035769,1,51170587182769,0,1,0,1,0
34094035773,1,51170588559607,0,1,0,1,0
34094006328,1,51170588593628,0,1,0,1,0
34094006329,1,51170594137739,0,1,0,1,0
34094035774,1,51170597579543,0,1,0,1,0
34094006330,1,51170601075108,0,1,0,1,1
34094035776,1,51170602465262,0,1,0,1,0
34094035775,1,51170606559357,0,1,0,1,0
34094006331,1,51170614794921,0,1,0,1,0
34094035780,1,51170615464459,0,1,0,1,1
34094006336,1,51170618934267,0,1,0,1,0
34094006332,1,51170618943496,0,1,0,1,0
34094006333,1,51170618946934,0,1,0,1,0
34094006334,1,51170618950184,0,1,0,1,0
34094006335,1,51170618953328,0,1,0,1,0
34094035781,1,51170623750094,0,1,0,1,0
34094006337,1,51170629956064,0,1,0,1,0
34094035770,1,51170631348970,0,1,0,1,1
34094035782,1,51170632701532,0,1,0,1,0
34094038122,1,51170634182665,1,0,0,0,0
34094035777,1,51170636901331,0,1,0,1,0
34094035784,1,51170639986644,0,1,0,1,0
34094035783,1,51170640332427,0,1,0,1,0
34094006338,1,51170644462710,0,1,0,1,0
34094035788,1,51170648616675,0,1,0,1,0
34094035789,1,51170657387782,0,1,0,1,0
34094035790,1,51170666235146,0,1,0,1,1
34094035771,1,51170668976019,0,1,0,1,0
34094006339,1,51170669682823,0,1,0,1,0
34094035778,1,51170671742221,0,1,0,1,0
34094035791,1,51170675119990,0,1,0,1,0
34094006341,1,51170677884460,0,1,0,1,0
34094006340,1,51170677894633,0,1,0,1,1
34094006342,1,51170685385378,0,1,0,1,0
34094006343,1,51170698331656,0,1,0,1,0
34094038123,1,51170703828512,1,0,0,0,0
34094035779,1,51170706506583,0,1,0,1,0
34094006344,1,51170712657018,0,1,0,1,0
34094006345,1,51170720185842,0,1,0,1,0
34094035792,1,51170724313444,0,1,0,1,0
34094006346,1,51170726337176,0,1,0,1,0
34094006347,1,51170740657276,0,1,0,1,0
34094035796,1,51170742063219,0,1,0,1,0
34094038458,1,51170757030999,0,1,0,1,0
34094038932,1,51170757048066,0,1,0,1,0
34094035785,1,51170761147559,0,1,0,1,0
34094006348,1,51170769290266,0,1,0,1,0
34094038124,1,51170774077102,1,0,0,0,0
34094006349,1,51170785685859,0,1,0,1,0
34094041679,1,51175369670425,1,0,0,0,0
34094041714,1,51175369686697,1,0,0,0,0
34094041656,1,51175369696178,1,0,0,0,0
23099900098,1,51175369714286,0,1,0,1,0
23099900307,1,51175369744868,1,0,0,0,0
23099900308,1,51175369760593,0,1,0,1,0
34094047552,1,51175369805248,0,1,0,1,0
23099900063,1,51175369822387,1,0,0,0,0
34094040631,1,51175369834194,1,0,0,0,0
34094040713,1,51175369846665,0,1,0,1,0
23099893659,1,51175369996025,0,1,0,1,0
34094038454,1,51175370019703,0,1,0,1,0
23099893677,1,51175370062770,1,0,0,0,0
34094040488,1,51175370071641,0,1,0,1,0
23099900680,1,51175370622618,1,0,0,0,1
23099900682,1,51175370640852,1,0,0,0,0
34094038562,1,51175370651414,0,1,0,1,0
34094045349,1,51175370796041,0,1,0,1,0
23085076648,1,51175369860728,0,1,0,1,0
23085077779,1,51175369884162,0,1,0,1,0
34359738366,4,51175370483171,0,4,0,1,0
34359738366,4,51175370483171,0,4,51797,1,0
34359738366,4,51175370483171,0,4,15107,1,0
34359738366,4,51175370483171,0,4,12674,1,0
23048190983,1,51175370560599,0,1,0,1,0
34184501425,1,51175370588294,0,1,0,1,0
34357289562,1,51175370615063,0,1,0,1,0
34357289561,1,51175370619963,0,1,0,1,0
34184501398,1,51175370628861,1,0,0,0,0
34184501424,1,51175370637221,0,1,0,1,0
34184501423,1,51175370642878,0,1,0,1,0
34184501366,1,51175370649557,1,0,0,0,0
34184501422,1,51175370652821,0,1,0,1,0
34184501385,1,51175370660777,1,0,0,0,0
34184501410,1,51175370667863,1,0,0,0,1
34184501408,1,51175370688975,1,0,0,0,0
23048189533,1,51175370694720,1,0,0,0,0
34184501374,1,51175370704319,1,0,0,0,0
23048190919,2,51175370720564,1,1,0,0,0
23048190919,2,51175370720564,1,1,10551,1,0
34357289873,1,51175370726670,1,0,0,0,0
34184501364,1,51175370739927,0,1,0,1,0
23048189550,1,51175370753815,1,0,0,0,1
34357289560,1,51175370761307,0,1,0,1,1
34184501357,2,51175372418185,2,0,0,0,0
34184501356,1,51175370816483,0,1,0,1,0
34184501355,2,51175370828415,1,1,0,0,0
34184501355,2,51175370828415,1,1,3912,1,0
34184501126,1,51175370833568,1,0,0,0,0
34184501125,1,51175370872618,0,1,0,1,0
34184501124,2,51175370884486,1,1,0,0,0
34184501124,2,51175370884486,1,1,5006,1,0
34184501077,1,51175370889478,1,0,0,0,0
34184501365,1,51175370903725,0,1,0,1,0
34184501076,1,51175370927667,0,1,0,1,0
34184501075,2,51175370937213,1,1,0,0,0
34184501075,2,51175370937213,1,1,3602,1,0
34184501049,1,51175370942064,1,0,0,0,0
34184501035,1,51175370981920,0,1,0,1,0
34184501033,2,51175370996461,1,1,0,0,0
34184501033,2,51175370996461,1,1,4684,1,0
34184500496,1,51175371001404,1,0,0,0,0
34184500526,1,51175371009804,1,0,0,0,0
23048189559,1,51175371030584,1,0,0,0,0
34184500528,1,51175371042388,1,0,0,0,0
34184500494,1,51175371057289,0,1,0,1,0
34184500495,1,51175371063383,0,1,0,1,0
34184501034,1,51175371072390,0,1,0,1,0
34184501030,1,51175371078059,0,1,0,1,1
34184501031,1,51175371084668,0,1,0,1,0
34184501032,1,51175371091932,0,1,0,1,0
34184500693,1,51175371143830,1,0,0,0,0
34184501041,1,51175371150638,0,1,0,1,0
34184500664,1,51175371156404,1,0,0,0,0
34184500673,1,51175371165222,1,0,0,0,0
34184501123,1,51175371184559,0,1,0,1,0
34184501188,1,51175371204566,1,0,0,0,0
34184501163,1,51175371211759,1,0,0,0,0
34184501183,1,51175371218219,1,0,0,0,0
23048190914,1,51175371229704,0,1,0,1,0
23048190915,1,51175371237797,0,1,0,1,0
23048190916,1,51175371246455,0,1,0,1,0
23048190917,1,51175371254201,0,1,0,1,0
23048190918,1,51175371261758,0,1,0,1,0
23048189568,1,51175371268019,1,0,0,0,0
23048190920,1,51175371278500,0,1,0,1,1
23048190921,1,51175371285817,0,1,0,1,0
23048190922,1,51175371292476,0,1,0,1,0
23048190923,1,51175371298428,0,1,0,1,0
23048190924,1,51175371312822,0,1,0,1,0
23048190925,1,51175371320043,0,1,0,1,0
23048190926,1,51175371327327,0,1,0,1,0
23048190927,1,51175371333479,0,1,0,1,0
23048190928,1,51175371340377,0,1,0,1,0
23048190929,1,51175371346450,0,1,0,1,0
23048190930,1,51175371352383,0,1,0,1,1
23048190931,1,51175371359108,0,1,0,1,0
23048190932,1,51175371364950,0,1,0,1,0
23048190933,1,51175371370662,0,1,0,1,0
23048189584,1,51175371376248,1,0,0,0,0
23048190934,1,51175371383963,0,1,0,1,0
23048190935,1,51175371389933,0,1,0,1,0
23048190936,1,51175371397309,0,1,0,1,0
23048190937,1,51175371404096,0,1,0,1,0
23048190938,1,51175371410166,0,1,0,1,0
23048190939,1,51175371416392,0,1,0,1,0
23048190940,1,51175371422679,0,1,0,1,1
23048190941,1,51175371428989,0,1,0,1,0
23048190942,1,51175371435609,0,1,0,1,0
23048190943,1,51175371442452,0,1,0,1,0
23048190944,1,51175371449167,0,1,0,1,0
23048190945,1,51175371454827,0,1,0,1,0
23048190946,1,51175371460459,0,1,0,1,0
23048190947,1,51175371466073,0,1,0,1,0
23048190948,1,51175371471738,0,1,0,1,0
23048190949,1,51175371477510,0,1,0,1,0
23048190950,1,51175371482797,0,1,0,1,1
23048190951,1,51175371489917,0,1,0,1,0
23048189600,1,51175371495894,1,0,0,0,1
23048190952,1,51175371503387,0,1,0,1,0
23048190953,1,51175371511299,0,1,0,1,0
23048190954,1,51175371519373,0,1,0,1,0
23048190955,1,51175371526416,0,1,0,1,0
23048190956,1,51175371533294,0,1,0,1,0
23048190957,1,51175371539454,0,1,0,1,0
23048190958,1,51175371545194,0,1,0,1,0
23048190959,1,51175371551624,0,1,0,1,0
23048190960,1,51175371558588,0,1,0,1,1
23048190961,1,51175371564911,0,1,0,1,0
23048190962,1,51175371571498,0,1,0,1,0
23048189616,1,51175371577151,1,0,0,0,0
23048190963,1,51175371583908,0,1,0,1,0
23048190964,1,51175371589305,0,1,0,1,0
23048190965,1,51175371594698,0,1,0,1,0
23048190966,1,51175371602529,0,1,0,1,0
23048190967,1,51175371610481,0,1,0,1,0
23048190968,1,51175371616791,0,1,0,1,0
23048190969,1,51175371624767,0,1,0,1,0
23048190970,1,51175371630624,0,1,0,1,1
23048190971,1,51175371636826,0,1,0,1,0
23048190972,1,51175371642932,0,1,0,1,0
23048190973,1,51175371649272,0,1,0,1,0
23048190974,1,51175371655344,0,1,0,1,0
23048190975,1,51175371660955,0,1,0,1,0
23048190976,1,51175371667475,0,1,0,1,0
23048190977,1,51175371673166,0,1,0,1,0
23048189632,1,51175371678144,1,0,0,0,0
23048190978,1,51175371685621,0,1,0,1,0
23048190979,1,51175371691874,0,1,0,1,0
23048190980,1,51175371698301,0,1,0,1,1
23048190981,1,51175371706372,0,1,0,1,0
23048190982,1,51175371713191,0,1,0,1,0
34184500713,1,51175371813345,1,0,0,0,0
34184500969,1,51175371820527,1,0,0,0,0
34184500804,1,51175371848274,1,0,0,0,0
34184500869,1,51175372049553,1,0,0,0,0
34184500554,1,51175372058137,1,0,0,0,0
34184501048,1,51175372064408,0,1,0,1,0
34184501042,1,51175372069960,0,1,0,1,0
34184500778,1,51175372074197,1,0,0,0,0
34184501040,1,51175372082012,0,1,0,1,1
34184500647,1,51175372086312,1,0,0,0,0
34184500536,1,51175372092821,1,0,0,0,0
34184501036,2,51175372499497,1,1,0,0,0
34184500789,1,51175372126226,1,0,0,0,0
34184500909,1,51175372133586,1,0,0,0,0
34184501051,1,51175372141080,1,0,0,0,0
34184501081,1,51175372149750,1,0,0,0,0
34184501140,1,51175372158240,1,0,0,0,1
23048190123,1,51175372166342,1,0,0,0,0
34184500565,1,51175372177767,1,0,0,0,0
23048189642,1,51175372185730,1,0,0,0,0
23048190356,1,51175372196462,1,0,0,0,0
23048189864,1,51175372204987,1,0,0,0,0
23048190984,1,51175372214173,0,1,0,1,0
23048195324,1,51175372237548,0,1,0,1,0
34184500912,1,51175372247920,1,0,0,0,0
23048190487,1,51175372255151,1,0,0,0,0
34184500941,1,51175372264786,1,0,0,0,0
34184500733,1,51175372273700,1,0,0,0,0
34184500977,1,51175372284884,1,0,0,0,0
34184499749,1,51175372308900,1,0,0,0,0
34184499774,1,51175372323354,1,0,0,0,0
34184499785,1,51175372330822,1,0,0,0,0
34184499829,1,51175372339744,1,0,0,0,0
34184500492,1,51175372348142,1,0,0,0,0
34184499860,1,51175372357720,1,0,0,0,1
34184500423,1,51175372366226,1,0,0,0,0
23048195325,1,51175372376225,0,1,0,1,0
23048190471,1,51175372385702,1,0,0,0,0
23048190336,1,51175372393696,1,0,0,0,0
34184501357,2,51175372418185,2,0,1641456,0,0
23048190793,1,51175372431081,1,0,0,0,0
23048190128,1,51175372448978,1,0,0,0,0
34357289559,1,51175372458878,0,1,0,1,0
34357289558,1,51175372464677,0,1,0,1,0
34357289557,1,51175372470178,0,1,0,1,0
34357289556,1,51175372475367,0,1,0,1,0
34184501036,2,51175372499497,1,1,400426,1,0
23048195353,1,51175372506972,0,1,0,1,0
23048195326,1,51175372512881,0,1,0,1,0
23048195327,1,51175372518540,0,1,0,1,0
23048195328,1,51175372524129,0,1,0,1,0
23048195329,1,51175372529615,0,1,0,1,0
23048195330,1,51175372535225,0,1,0,1,1
23048195331,1,51175372541026,0,1,0,1,0
23048195332,1,51175372548664,0,1,0,1,0
23048195333,1,51175372554337,0,1,0,1,0
23048195334,1,51175372559705,0,1,0,1,0
23048195335,1,51175372565126,0,1,0,1,0
23048195336,1,51175372570717,0,1,0,1,0
23048195337,1,51175372576182,0,1,0,1,0
23048195338,1,51175372581780,0,1,0,1,0
23048195339,1,51175372587670,0,1,0,1,0
23048195340,1,51175372593293,0,1,0,1,1
23048195341,1,51175372598691,0,1,0,1,0
23048195342,1,51175372604081,0,1,0,1,0
23048195343,1,51175372610024,0,1,0,1,0
23048195344,1,51175372615592,0,1,0,1,0
23048195345,1,51175372621231,0,1,0,1,0
23048195346,1,51175372626463,0,1,0,1,0
23048195347,1,51175372633338,0,1,0,1,0
23048195348,1,51175372638808,0,1,0,1,0
23048195349,1,51175372644264,0,1,0,1,0
23048195350,1,51175372649902,0,1,0,1,1
23048195351,1,51175372655310,0,1,0,1,0
23048195352,1,51175372660800,0,1,0,1,0
23048191048,2,51175372684867,1,1,0,0,0
23048191048,2,51175372684867,1,1,5014,1,0
34184499428,1,51175372697669,0,1,0,1,0
34184499443,2,51175372716864,1,1,0,0,0
34184499395,1,51175372711803,0,1,0,1,0
34184499443,2,51175372716864,1,1,11108,1,0
34184499402,1,51175372722040,0,1,0,1,0
34184499496,1,51175372727350,0,1,0,1,0
34184499497,1,51175372733510,0,1,0,1,0
34184499498,1,51175372739365,0,1,0,1,0
34184499500,1,51175372744573,0,1,0,1,1
34184499504,1,51175372751589,0,1,0,1,0
34184499508,1,51175372757618,0,1,0,1,0
34184499512,1,51175372763810,0,1,0,1,0
34184499516,1,51175372769268,0,1,0,1,0
23048189872,1,51175372775402,1,0,0,0,0
23048190392,1,51175372786076,1,0,0,0,0
23048190453,1,51175372794028,1,0,0,0,0
34184499520,1,51175372802762,0,1,0,1,1
23048190497,1,51175372808342,1,0,0,0,0
23048190446,1,51175372816720,1,0,0,0,0
23048195354,1,51175372829035,0,1,0,1,0
34184499438,1,51175372834493,1,0,0,0,0
34184499505,1,51175372846959,0,1,0,1,0
23048195355,1,51175372869322,0,1,0,1,0
23048190766,1,51175372876774,1,0,0,0,0
34184499524,1,51175372892702,0,1,0,1,0
34184499506,1,51175372910157,0,1,0,1,0
34184499509,1,51175372916645,0,1,0,1,0
23048195356,1,51175372936044,0,1,0,1,0
34184499510,1,51175372947260,0,1,0,1,1
23048190774,1,51175372959010,1,0,0,0,0
34184499528,1,51175372972643,0,1,0,1,0
34184499511,1,51175372989125,0,1,0,1,0
23048195357,1,51175373008845,0,1,0,1,0
34184499507,1,51175373016352,0,1,0,1,0
23048195359,1,51175373026660,0,1,0,1,0
23048195358,1,51175373032430,0,1,0,1,0
34184499532,1,51175373049430,0,1,0,1,0
34184499533,1,51175373074357,0,1,0,1,0
34184499536,1,51175373088570,0,1,0,1,0
34184499540,1,51175373105626,0,1,0,1,1
34184499534,1,51175373112384,0,1,0,1,0
34184499544,1,51175373120999,0,1,0,1,0
34184499548,1,51175373132390,0,1,0,1,0
23048195360,1,51175373148849,0,1,0,1,1
34184499552,1,51175373158322,0,1,0,1,0
34184499535,1,51175373167865,0,1,0,1,0
34184499556,1,51175373178497,0,1,0,1,0
34184499549,1,51175373190913,0,1,0,1,0
34184499560,1,51175373208477,0,1,0,1,1
23048195361,1,51175373222114,0,1,0,1,0
34184499561,1,51175373233537,0,1,0,1,0
34184499562,1,51175373256452,0,1,0,1,0
34184499564,1,51175373265237,0,1,0,1,0
34184499568,1,51175373275898,0,1,0,1,0
23048195362,1,51175373326428,0,1,0,1,0
34184499563,1,51175373335652,0,1,0,1,0
23048190552,1,51175373347063,1,0,0,0,0
34184499550,1,51175373362726,0,1,0,1,1
34184499572,1,51175373377991,0,1,0,1,0
23048195363,1,51175373401678,0,1,0,1,0
34184499573,1,51175373412627,0,1,0,1,0
34184499525,1,51175373420126,0,1,0,1,0
34184499551,1,51175373436617,0,1,0,1,0
34184499574,1,51175373447312,0,1,0,1,0
23048195364,1,51175373468974,0,1,0,1,0
34184499575,1,51175373482144,0,1,0,1,0
34184499576,1,51175373490609,0,1,0,1,0
34184499580,1,51175373501094,0,1,0,1,1
34184499584,1,51175373519017,0,1,0,1,0
34184499588,1,51175373527551,0,1,0,1,0
23048195365,1,51175373548379,0,1,0,1,0
34184499589,1,51175373558839,0,1,0,1,0
34184499581,1,51175373579139,0,1,0,1,0
34184499590,1,51175373587329,0,1,0,1,1
23048195366,1,51175373609806,0,1,0,1,0
34184499592,1,51175373623310,0,1,0,1,0
34184499591,1,51175373630786,0,1,0,1,0
34184499596,1,51175373643235,0,1,0,1,0
34184499526,1,51175373655109,0,1,0,1,0
34184499600,1,51175373664531,0,1,0,1,1
23048195367,1,51175373713640,0,1,0,1,0
34184499601,1,51175373727382,0,1,0,1,0
23048190421,1,51175373733241,1,0,0,0,0
34184499582,1,51175373747025,0,1,0,1,0
34184499602,1,51175373768782,0,1,0,1,0
34184499513,1,51175373776205,0,1,0,1,0
34184499501,1,51175373784535,0,1,0,1,0
34184499603,1,51175373804875,0,1,0,1,0
23048195368,1,51175373819130,0,1,0,1,0
34184499604,1,51175373831102,0,1,0,1,0
34184499605,1,51175373849259,0,1,0,1,0
23048195369,1,51175373858652,0,1,0,1,0
34184499606,1,51175373871662,0,1,0,1,0
34184499608,1,51175373886696,0,1,0,1,0
34184499583,1,51175373901390,0,1,0,1,0
23048195373,1,51175373914913,0,1,0,1,0
23048195370,1,51175373921219,0,1,0,1,1
23048195371,1,51175373926725,0,1,0,1,0
23048195372,1,51175373932347,0,1,0,1,0
34184499607,1,51175373947478,0,1,0,1,0
34184499612,1,51175373967618,0,1,0,1,0
34184499616,1,51175373994741,0,1,0,1,0
34184499514,1,51175374008792,0,1,0,1,0
34184499617,1,51175374027293,0,1,0,1,0
34184499613,1,51175374037008,0,1,0,1,0
34184499499,1,51175374048931,0,1,0,1,0
34184499618,1,51175374106178,0,1,0,1,0
34184499515,1,51175374117075,0,1,0,1,0
34184499619,1,51175374135490,0,1,0,1,0
34184499620,1,51175374157323,0,1,0,1,1
34184499624,1,51175374169047,0,1,0,1,0
34184499614,1,51175374174747,0,1,0,1,0
34184499628,1,51175374187638,0,1,0,1,0
34184499625,1,51175374205424,0,1,0,1,0
34184499502,1,51175374214860,0,1,0,1,0
34184499626,1,51175374233803,0,1,0,1,0
34184499632,1,51175374243157,0,1,0,1,0
34184499615,1,51175374281315,0,1,0,1,0
23048195374,1,51175374295309,0,1,0,1,0
34184499627,1,51175374305781,0,1,0,1,0
23048195375,1,51175374318836,0,1,0,1,0
34184500631,1,51175374326263,1,0,0,0,0
34184500613,1,51175374339640,1,0,0,0,0
23048189888,1,51175374352398,1,0,0,0,0
34184499636,1,51175374366351,0,1,0,1,0
34184499640,1,51175374380860,0,1,0,1,1
23048190523,1,51175374391917,1,0,0,0,0
34184499644,1,51175374401472,0,1,0,1,0
34184499648,1,51175374410469,0,1,0,1,0
23048195376,1,51175374427380,0,1,0,1,0
34184499641,1,51175374433120,0,1,0,1,0
34184499642,1,51175374443909,0,1,0,1,0
34184499643,1,51175374454369,0,1,0,1,0
34184499649,1,51175374471215,0,1,0,1,0
23048195378,1,51175374488452,0,1,0,1,0
23048195377,1,51175374494314,0,1,0,1,0
34184499650,1,51175374526122,0,1,0,1,1
23048191049,1,51175374548413,0,1,0,1,0
34184500759,1,51175374560245,1,0,0,0,0
34184499651,1,51175374571464,0,1,0,1,0
23048195379,1,51175374583941,0,1,0,1,0
34184499527,1,51175374593852,0,1,0,1,0
34184499645,1,51175374617866,0,1,0,1,0
23048195380,1,51175374630775,0,1,0,1,1
34184499652,1,51175374640184,0,1,0,1,0
23048195381,1,51175374659051,0,1,0,1,0
34184499653,1,51175374675004,0,1,0,1,0
23048195382,1,51175374687770,0,1,0,1,0
23048190383,1,51175374695658,1,0,0,0,0
34184499646,1,51175374710769,0,1,0,1,0
34184499621,1,51175374719582,0,1,0,1,0
34184499656,1,51175374730652,0,1,0,1,0
34184499660,1,51175374739303,0,1,0,1,1
34184499654,1,51175374760012,0,1,0,1,0
34184499585,1,51175374775648,0,1,0,1,0
34184499622,1,51175374789821,0,1,0,1,0
23048195391,1,51175374804533,0,1,0,1,0
23048195383,1,51175374810562,0,1,0,1,0
23048195384,1,51175374816294,0,1,0,1,0
23048195385,1,51175374821755,0,1,0,1,0
23048195386,1,51175374829214,0,1,0,1,0
23048195387,1,51175374834575,0,1,0,1,0
23048195388,1,51175374840113,0,1,0,1,0
23048195389,1,51175374845638,0,1,0,1,0
23048195390,1,51175374851398,0,1,0,1,1
34184499647,1,51175374867813,0,1,0,1,0
34184499655,1,51175374884085,0,1,0,1,0
34184499664,1,51175374912461,0,1,0,1,0
34184499623,1,51175374926306,0,1,0,1,0
34184499553,1,51175374940953,0,1,0,1,0
34184499668,1,51175374959439,0,1,0,1,0
34184499672,1,51175374965549,0,1,0,1,0
34184499503,1,51175374975260,0,1,0,1,0
34184499676,1,51175375069521,0,1,0,1,0
34184499669,1,51175375107695,0,1,0,1,0
34184499673,1,51175375116503,0,1,0,1,0
23048189905,1,51175375136413,1,0,0,0,0
34184499680,1,51175375146416,0,1,0,1,1
34184499684,1,51175375159335,0,1,0,1,0
23048189921,1,51175375165999,1,0,0,0,0
34184499593,1,51175375208666,0,1,0,1,0
34184499677,1,51175375216574,0,1,0,1,0
34184499586,1,51175375239410,0,1,0,1,0
34184499594,1,51175375296026,0,1,0,1,0
34184499688,1,51175375317058,0,1,0,1,0
34184499670,1,51175375337804,0,1,0,1,1
34184499678,1,51175375371793,0,1,0,1,0
34184499595,1,51175375382611,0,1,0,1,0
23048189665,1,51175375423768,1,0,0,0,0
23048189936,1,51175375459241,1,0,0,0,0
34184499692,1,51175375484390,0,1,0,1,0
34184499674,1,51175375571967,0,1,0,1,0
34184499671,1,51175375595595,0,1,0,1,0
23048195392,1,51175375633632,0,1,0,1,0
34184501244,1,51175375645349,1,0,0,0,0
34184499675,1,51175375702431,0,1,0,1,0
34184499696,1,51175375833019,0,1,0,1,0
23048195393,1,51175375841957,0,1,0,1,0
34184499681,1,51175375866731,0,1,0,1,0
23048189952,1,51175375906810,1,0,0,0,0
34184499697,1,51175375961567,0,1,0,1,0
34184499700,1,51175375969202,0,1,0,1,1
23048195394,1,51175375989654,0,1,0,1,0
34184499704,1,51175376000013,0,1,0,1,0
34184499698,1,51175376039377,0,1,0,1,0
34184499679,1,51175376047666,0,1,0,1,0
34184499708,1,51175376055305,0,1,0,1,0
34184499712,1,51175376074112,0,1,0,1,0
23048195395,1,51175376081058,0,1,0,1,0
34184499517,1,51175376112620,0,1,0,1,0
34184499699,1,51175376119035,0,1,0,1,0
34184499554,1,51175376130569,0,1,0,1,0
34184499716,1,51175376145466,0,1,0,1,0
34184499587,1,51175376152397,0,1,0,1,0
34184499713,1,51175376169330,0,1,0,1,0
23048195396,1,51175376188696,0,1,0,1,0
34184499720,1,51175376202860,0,1,0,1,1
34184499717,1,51175376209573,0,1,0,1,0
34184499714,1,51175376239808,0,1,0,1,0
34184499718,1,51175376251975,0,1,0,1,0
34184499701,1,51175376258997,0,1,0,1,0
34184499721,1,51175376272432,0,1,0,1,0
34184499724,1,51175376380530,0,1,0,1,0
34184499719,1,51175376390100,0,1,0,1,0
34184499577,1,51175376402748,0,1,0,1,0
34184499715,1,51175376415644,0,1,0,1,0
34184499722,1,51175376438144,0,1,0,1,0
34184499728,1,51175376456743,0,1,0,1,0
34184499732,1,51175376482834,0,1,0,1,0
34184499541,1,51175376493556,0,1,0,1,0
34184499736,1,51175376591616,0,1,0,1,0
23048190400,1,51175376604169,1,0,0,0,1
34184499723,1,51175376622323,0,1,0,1,0
23048195397,1,51175376641638,0,1,0,1,0
34184499737,1,51175376652471,0,1,0,1,0
34184499738,1,51175376677154,0,1,0,1,0
23048195398,1,51175376696195,0,1,0,1,0
34184499565,1,51175376708095,0,1,0,1,0
34184499739,1,51175376715252,0,1,0,1,0
34184499740,1,51175376734058,0,1,0,1,1
23048195399,1,51175376744749,0,1,0,1,0
34184499744,1,51175376786047,0,1,0,1,0
23048195400,1,51175376895728,0,1,0,1,1
34184499741,1,51175376911617,0,1,0,1,0
34184499745,1,51175376919542,0,1,0,1,0
23048195401,1,51175376939561,0,1,0,1,0
34184499746,1,51175376947780,0,1,0,1,0
34184499742,1,51175376962964,0,1,0,1,0
34184499747,1,51175376975762,0,1,0,1,0
34184499702,1,51175377006204,0,1,0,1,0
23048195404,1,51175377017025,0,1,0,1,0
23048195402,1,51175377022543,0,1,0,1,0
23048195403,1,51175377028301,0,1,0,1,0
34184499743,1,51175377038208,0,1,0,1,0
34184499140,1,51175377051273,0,1,0,1,1
23048195422,1,51175377074510,0,1,0,1,0
23048195405,1,51175377080441,0,1,0,1,0
23048195406,1,51175377087782,0,1,0,1,0
23048195407,1,51175377093251,0,1,0,1,0
23048195408,1,51175377098597,0,1,0,1,0
23048195409,1,51175377103979,0,1,0,1,0
23048195410,1,51175377109033,0,1,0,1,1
23048195411,1,51175377114376,0,1,0,1,0
23048195412,1,51175377119712,0,1,0,1,0
23048195413,1,51175377125125,0,1,0,1,0
23048195414,1,51175377130808,0,1,0,1,0
23048195415,1,51175377136062,0,1,0,1,0
23048195416,1,51175377141714,0,1,0,1,0
23048195417,1,51175377147294,0,1,0,1,0
23048195418,1,51175377152486,0,1,0,1,0
23048195419,1,51175377157909,0,1,0,1,0
23048195420,1,51175377163112,0,1,0,1,1
23048195421,1,51175377169940,0,1,0,1,0
34184499144,1,51175377188223,0,1,0,1,0
34184499145,1,51175377220151,0,1,0,1,0
34184499148,1,51175377229457,0,1,0,1,0
34184499146,1,51175377275982,0,1,0,1,0
34184499149,1,51175377288587,0,1,0,1,0
34184499521,1,51175377303504,0,1,0,1,0
34184499147,1,51175377325059,0,1,0,1,0
34184499152,1,51175377347485,0,1,0,1,0
34184499150,1,51175377379587,0,1,0,1,1
34184499153,1,51175377449567,0,1,0,1,0
34184499725,1,51175377511364,0,1,0,1,0
34184499637,1,51175377548407,0,1,0,1,0
34184499154,1,51175377569488,0,1,0,1,0
34184499726,1,51175377607990,0,1,0,1,0
34184499729,1,51175377641007,0,1,0,1,0
34184499727,1,51175377726819,0,1,0,1,0
34184499682,1,51175377748958,0,1,0,1,0
34184499155,1,51175377787633,0,1,0,1,0
34184499537,1,51175377907945,0,1,0,1,0
34184499555,1,51175377933649,0,1,0,1,0
34184499151,1,51175377948468,0,1,0,1,0
34184499156,1,51175377966265,0,1,0,1,0
34184499730,1,51175377975106,0,1,0,1,1
23048195423,1,51175377982838,0,1,0,1,0
34184499160,1,51175377990495,0,1,0,1,1
34184499703,1,51175378018941,0,1,0,1,0
34184499709,1,51175378086261,0,1,0,1,0
34184499157,1,51175378099199,0,1,0,1,0
34184499164,1,51175378107118,0,1,0,1,0
34357289869,1,51175378132793,1,0,0,0,0
23048190144,1,51175378159085,1,0,0,0,0
23048195424,1,51175378191911,0,1,0,1,0
23048195425,1,51175378306708,0,1,0,1,0
34184499161,1,51175378324299,0,1,0,1,0
34184499158,1,51175378352241,0,1,0,1,0
23048189968,1,51175378429213,1,0,0,0,0
34184499689,1,51175378453316,0,1,0,1,0
23048195433,1,51175378528588,0,1,0,1,0
23048195426,1,51175378573256,0,1,0,1,0
23048195427,1,51175378644723,0,1,0,1,0
34184499159,1,51175378679789,0,1,0,1,0
34184499168,1,51175378711996,0,1,0,1,0
23048195434,1,51175378735253,0,1,0,1,0
34184499169,1,51175378747061,0,1,0,1,0
23048195428,1,51175378775207,0,1,0,1,0
23048195429,1,51175378965220,0,1,0,1,0
23048195430,1,51175378983568,0,1,0,1,1
34184499165,1,51175379063568,0,1,0,1,0
34184499170,1,51175379137250,0,1,0,1,1
34184499693,1,51175379183440,0,1,0,1,0
23048195437,1,51175379242865,0,1,0,1,0
23048195431,1,51175379255827,0,1,0,1,0
23048195432,1,51175379262071,0,1,0,1,0
23048195435,1,51175379270305,0,1,0,1,0
23048195436,1,51175379276312,0,1,0,1,0
34184499731,1,51175379329949,0,1,0,1,0
34184499171,1,51175379357896,0,1,0,1,0
34184499172,1,51175379365597,0,1,0,1,0
34184499557,1,51175379371454,0,1,0,1,0
34184499733,1,51175379379718,0,1,0,1,0
23048195438,1,51175379393222,0,1,0,1,0
23048195439,1,51175379414343,0,1,0,1,0
34184499518,1,51175379423352,0,1,0,1,0
34184499166,1,51175379431980,0,1,0,1,0
34184499173,1,51175379438379,0,1,0,1,0
34184499176,1,51175379452387,0,1,0,1,0
34184499180,1,51175379459145,0,1,0,1,1
34184499174,1,51175379471212,0,1,0,1,0
34184499167,1,51175379483678,0,1,0,1,0
34184499609,1,51175379498328,0,1,0,1,0
23048195440,1,51175379508967,0,1,0,1,1
34184499175,1,51175379514794,0,1,0,1,0
34184499629,1,51175379520324,0,1,0,1,0
34184499181,1,51175379536392,0,1,0,1,0
34184499542,1,51175379562674,0,1,0,1,0
34184499184,1,51175379729522,0,1,0,1,0
34184499162,1,51175379873790,0,1,0,1,0
34184499710,1,51175379899231,0,1,0,1,1
34184499638,1,51175379906878,0,1,0,1,0
34184499163,1,51175379949809,0,1,0,1,0
34184499188,1,51175379986657,0,1,0,1,0
23048195447,1,51175380147127,0,1,0,1,0
34184499182,1,51175380157601,0,1,0,1,0
23048195441,1,51175380227041,0,1,0,1,0
34184499183,1,51175380261880,0,1,0,1,0
23048195443,1,51175380442928,0,1,0,1,0
23048195442,1,51175380456432,0,1,0,1,0
23048195444,1,51175380489290,0,1,0,1,0
34184499192,1,51175380500573,0,1,0,1,0
34184499193,1,51175380527910,0,1,0,1,0
34184499194,1,51175380543383,0,1,0,1,0
34184499195,1,51175380558215,0,1,0,1,0
23048195445,1,51175380570094,0,1,0,1,0
34184499196,1,51175380581613,0,1,0,1,0
34184499197,1,51175380596314,0,1,0,1,0
34184499185,1,51175380608329,0,1,0,1,0
34184499198,1,51175380619005,0,1,0,1,0
23048195446,1,51175380627805,0,1,0,1,0
23048195448,1,51175380680166,0,1,0,1,0
23048189986,1,51175380777119,1,0,0,0,0
34184499200,1,51175381071999,0,1,0,1,1
34184499199,1,51175381216106,0,1,0,1,0
34184499204,1,51175381498737,0,1,0,1,0
34184499141,1,51175381582485,0,1,0,1,0
34184499186,1,51175381622495,0,1,0,1,0
34184499177,1,51175381724806,0,1,0,1,0
34184499201,1,51175381740771,0,1,0,1,0
34184499205,1,51175381771981,0,1,0,1,0
34184499685,1,51175381860244,0,1,0,1,0
23048190001,1,51175381939422,1,0,0,0,0
23048195449,1,51175382003344,0,1,0,1,0
23048195450,1,51175382040726,0,1,0,1,1
34184499538,1,51175382075381,0,1,0,1,0
34184499187,1,51175382120992,0,1,0,1,0
34184499522,1,51175382141046,0,1,0,1,0
23048190160,1,51175382208334,1,0,0,0,1
23048195451,1,51175382273444,0,1,0,1,0
34184499206,1,51175382318661,0,1,0,1,0
23048195452,1,51175382456537,0,1,0,1,0
23048195456,1,51175382472380,0,1,0,1,0
23048195453,1,51175382481349,0,1,0,1,0
23048195454,1,51175382487686,0,1,0,1,0
23048195455,1,51175382493321,0,1,0,1,0
34184499202,1,51175382544484,0,1,0,1,0
34184499208,1,51175382573223,0,1,0,1,0
34184499545,1,51175382587246,0,1,0,1,0
34184499207,1,51175382593113,0,1,0,1,0
34184499212,1,51175382602581,0,1,0,1,0
34184499734,1,51175382617289,0,1,0,1,0
34184499216,1,51175382637813,0,1,0,1,0
23048195457,1,51175382648799,0,1,0,1,0
34184499189,1,51175382660703,0,1,0,1,0
34184499203,1,51175382670005,0,1,0,1,0
23048195460,1,51175382864009,0,1,0,1,1
23048195458,1,51175382880790,0,1,0,1,0
23048195459,1,51175382886618,0,1,0,1,0
23048195461,1,51175382917422,0,1,0,1,0
34184499217,1,51175382932506,0,1,0,1,0
23048195462,1,51175382964724,0,1,0,1,0
34184499218,1,51175382976092,0,1,0,1,0
23048195463,1,51175382981727,0,1,0,1,0
34184499220,1,51175382999507,0,1,0,1,1
34184499213,1,51175383009365,0,1,0,1,0
34184499178,1,51175383017985,0,1,0,1,0
34184499219,1,51175383035060,0,1,0,1,0
34184499221,1,51175383047866,0,1,0,1,0
23048195464,1,51175383054254,0,1,0,1,0
34184499102,1,51175383204090,0,1,0,1,0
34184499103,1,51175383213786,0,1,0,1,0
34184499104,1,51175383219147,0,1,0,1,0
34184499105,1,51175383224367,0,1,0,1,0
34184499106,1,51175383229606,0,1,0,1,0
34184499107,1,51175383234909,0,1,0,1,0
34184499108,1,51175383240418,0,1,0,1,0
34184499109,1,51175383245735,0,1,0,1,0
34184499110,1,51175383250814,0,1,0,1,1
34184499111,1,51175383255951,0,1,0,1,0
34184499112,1,51175383261149,0,1,0,1,0
34184499113,1,51175383266372,0,1,0,1,0
34184499114,1,51175383272133,0,1,0,1,0
34184499115,1,51175383277453,0,1,0,1,0
34184499116,1,51175383282609,0,1,0,1,0
34184499117,1,51175383290454,0,1,0,1,0
34184499118,1,51175383297199,0,1,0,1,0
34184499119,1,51175383302035,0,1,0,1,0
34184499120,1,51175383307311,0,1,0,1,1
34184499121,1,51175383312578,0,1,0,1,0
34184499122,1,51175383317726,0,1,0,1,0
34184499123,1,51175383322627,0,1,0,1,0
34184499124,1,51175383327848,0,1,0,1,0
34184499125,1,51175383333169,0,1,0,1,0
34184499126,1,51175383338328,0,1,0,1,0
34184499127,1,51175383343401,0,1,0,1,0
34184499128,1,51175383348486,0,1,0,1,0
34184499129,1,51175383353544,0,1,0,1,0
34184499130,1,51175383358850,0,1,0,1,1
34184499131,1,51175383363879,0,1,0,1,0
34184499132,1,51175383368908,0,1,0,1,0
34184499133,1,51175383375529,0,1,0,1,0
34184499134,1,51175383380797,0,1,0,1,0
34184499135,1,51175383385855,0,1,0,1,0
34184499136,1,51175383390909,0,1,0,1,0
34184499137,1,51175383395985,0,1,0,1,0
34184499138,1,51175383401161,0,1,0,1,0
34184499224,1,51175383431853,0,1,0,1,0
34184499214,1,51175383442415,0,1,0,1,0
34184499222,1,51175383449251,0,1,0,1,0
34184499578,1,51175383459840,0,1,0,1,0
34184499683,1,51175383484664,0,1,0,1,0
34184499225,1,51175383689293,0,1,0,1,0
34184499179,1,51175383700918,0,1,0,1,0
34184499223,1,51175383708278,0,1,0,1,0
34184499735,1,51175383714527,0,1,0,1,0
34184499226,1,51175383736508,0,1,0,1,0
34184499215,1,51175383748335,0,1,0,1,0
34184499566,1,51175383808698,0,1,0,1,0
34184499227,1,51175384078699,0,1,0,1,0
34184499228,1,51175384121634,0,1,0,1,0
34184499229,1,51175384142893,0,1,0,1,0
34184499232,1,51175384150482,0,1,0,1,0
34184499236,1,51175384163941,0,1,0,1,0
34184499519,1,51175384171606,0,1,0,1,0
34184499597,1,51175384199517,0,1,0,1,0
34184499230,1,51175384207867,0,1,0,1,1
34184499237,1,51175384218370,0,1,0,1,0
34184499240,1,51175384237889,0,1,0,1,1
34184499231,1,51175384247410,0,1,0,1,0
34184499209,1,51175384256584,0,1,0,1,0
34184499233,1,51175384271423,0,1,0,1,0
34184499244,1,51175384283277,0,1,0,1,0
34184499248,1,51175384289736,0,1,0,1,0
34184499238,1,51175384304668,0,1,0,1,0
34184499245,1,51175384318185,0,1,0,1,0
34184499234,1,51175384328084,0,1,0,1,0
23048190018,1,51175384388333,1,0,0,0,0
34184499190,1,51175384449879,0,1,0,1,1
34184499239,1,51175384461554,0,1,0,1,0
34184499711,1,51175384484906,0,1,0,1,0
34184499694,1,51175384526744,0,1,0,1,0
34184499523,1,51175384537282,0,1,0,1,0
34184499246,1,51175384548366,0,1,0,1,0
34184499235,1,51175384690827,0,1,0,1,0
34184499241,1,51175384717011,0,1,0,1,0
34184499252,1,51175384731179,0,1,0,1,0
34184499191,1,51175384767696,0,1,0,1,0
34184499247,1,51175384792246,0,1,0,1,0
34184499639,1,51175384974651,0,1,0,1,0
34184499256,1,51175385025855,0,1,0,1,0
34184499260,1,51175385058176,0,1,0,1,1
34184499253,1,51175385071481,0,1,0,1,0
34184499264,1,51175385221523,0,1,0,1,0
34184499257,1,51175385239382,0,1,0,1,0
34184499261,1,51175385277731,0,1,0,1,0
34184499268,1,51175385327247,0,1,0,1,0
34184499272,1,51175385367667,0,1,0,1,0
34184499276,1,51175385375179,0,1,0,1,0
34184499265,1,51175385708744,0,1,0,1,0
34184499254,1,51175385721323,0,1,0,1,0
34184499569,1,51175385728436,0,1,0,1,0
34184499610,1,51175385905766,0,1,0,1,1
34184499529,1,51175385975108,0,1,0,1,0
34184499539,1,51175385983382,0,1,0,1,0
34184499255,1,51175385988621,0,1,0,1,0
34184499258,1,51175386023236,0,1,0,1,0
34184499259,1,51175386056733,0,1,0,1,0
34184499269,1,51175386320341,0,1,0,1,0
34184499277,1,51175386564081,0,1,0,1,0
23048190032,1,51175386638647,1,0,0,0,0
34184499278,1,51175386693343,0,1,0,1,0
34184499690,1,51175386732245,0,1,0,1,1
23048190049,1,51175386776582,1,0,0,0,0
34184499210,1,51175386798191,0,1,0,1,1
23048195471,1,51175386816909,0,1,0,1,0
23048189699,1,51175386873146,1,0,0,0,0
34184499249,1,51175387001974,0,1,0,1,0
34184499266,1,51175387014173,0,1,0,1,0
34184499280,1,51175387022036,0,1,0,1,1
23048190192,1,51175387087047,1,0,0,0,0
23048190067,1,51175387097006,1,0,0,0,0
23048190181,1,51175387105882,1,0,0,0,0
23048190212,1,51175387128549,1,0,0,0,0
23048190088,1,51175387137082,1,0,0,0,0
34184499242,1,51175387224489,0,1,0,1,0
34184499250,1,51175387554535,0,1,0,1,1
34184499262,1,51175387571123,0,1,0,1,0
34184499281,1,51175387798093,0,1,0,1,0
34184499142,1,51175387923835,0,1,0,1,0
34184499267,1,51175387941709,0,1,0,1,0
34184499579,1,51175388067931,0,1,0,1,0
34184499143,1,51175388085184,0,1,0,1,0
34184499543,1,51175388266116,0,1,0,1,0
34184499284,1,51175388279559,0,1,0,1,0
34184499288,1,51175388397937,0,1,0,1,0
34357289555,1,51175388550041,0,1,0,1,0
34357289554,1,51175388559213,0,1,0,1,0
34357289553,1,51175388564177,0,1,0,1,0
34357289552,1,51175388569131,0,1,0,1,0
34357289551,1,51175388576193,0,1,0,1,0
34357289550,1,51175388580831,0,1,0,1,1
34357289549,1,51175388585673,0,1,0,1,0
34357289548,1,51175388590436,0,1,0,1,0
34357289547,1,51175388595040,0,1,0,1,0
34357289546,1,51175388599602,0,1,0,1,0
34357289545,1,51175388604188,0,1,0,1,0
34357289544,1,51175388609019,0,1,0,1,0
34184500577,1,51175388619726,1,0,0,0,0
34357289543,1,51175388627966,0,1,0,1,0
23048191050,2,51175388656878,1,1,0,0,1
23048191050,2,51175388656878,1,1,4809,1,1
23048195465,1,51175388680706,0,1,0,1,0
23048195467,1,51175388687687,0,1,0,1,0
34184500593,1,51175388697689,1,0,0,0,0
23048189683,1,51175388756513,1,0,0,0,0
23048195469,1,51175388769182,0,1,0,1,0
34184499243,1,51175388776645,0,1,0,1,0
23048195468,1,51175388793078,0,1,0,1,0
23048195470,1,51175388826703,0,1,0,1,1
23048195473,1,51175388873610,0,1,0,1,0
23048195472,1,51175388881030,0,1,0,1,0
23048195474,1,51175388889377,0,1,0,1,0
23048195475,1,51175388908753,0,1,0,1,0
34184499289,1,51175388917004,0,1,0,1,0
23048195477,1,51175388929498,0,1,0,1,0
23048195476,1,51175388946718,0,1,0,1,0
34184499290,1,51175388952746,0,1,0,1,1
23048189718,1,51175388960593,1,0,0,0,0
23048195478,1,51175388970358,0,1,0,1,0
23048195479,1,51175388990256,0,1,0,1,0
23048195480,1,51175389001964,0,1,0,1,1
23048195482,1,51175389028264,0,1,0,1,0
23048195481,1,51175389038207,0,1,0,1,0
23048195483,1,51175389049167,0,1,0,1,0
23048195485,1,51175389076051,0,1,0,1,0
23048195484,1,51175389084250,0,1,0,1,0
23048195486,1,51175389092335,0,1,0,1,0
23048195488,1,51175389118210,0,1,0,1,0
23048195487,1,51175389123350,0,1,0,1,0
23048195490,1,51175389134795,0,1,0,1,1
23048195489,1,51175389140424,0,1,0,1,0
34184499291,1,51175389159617,0,1,0,1,0
34184499292,1,51175389165769,0,1,0,1,0
34184499293,1,51175389170883,0,1,0,1,0
23048195492,1,51175389189440,0,1,0,1,0
23048195491,1,51175389204179,0,1,0,1,0
23048195493,1,51175389213394,0,1,0,1,0
23048195495,1,51175389228723,0,1,0,1,0
23048195494,1,51175389236893,0,1,0,1,0
23048195497,1,51175389257291,0,1,0,1,0
23048195496,1,51175389262980,0,1,0,1,0
23048195466,2,51175390230183,1,1,0,0,0
34184499296,1,51175389311140,0,1,0,1,0
34184499263,1,51175389334652,0,1,0,1,0
34184499705,1,51175389397653,0,1,0,1,0
34184499282,1,51175389404347,0,1,0,1,0
34184501282,1,51175389429834,1,0,0,0,0
34184499706,1,51175389441539,0,1,0,1,0
23048195503,1,51175389574416,0,1,0,1,0
34094006350,1,51175389828225,0,1,0,1,1
34094038172,3,51175391012612,1,2,0,0,0
34094038173,1,51175389971684,1,0,0,0,0
34094038172,3,51175391012612,1,2,1041307,1,0
34094038172,3,51175391012612,1,2,8049,1,0
34094035786,1,51175404052552,0,1,0,1,0
34094006351,1,51175405029112,0,1,0,1,0
34094006352,1,51175423765351,0,1,0,1,0
34094006353,1,51175440160270,0,1,0,1,0
34094006354,1,51175455976238,0,1,0,1,0
34094035787,1,51175462035394,0,1,0,1,0
34094038125,1,51175466569366,1,0,0,0,0
34094006355,1,51175467258781,0,1,0,1,0
34094006356,1,51175481980168,0,1,0,1,0
34094006357,1,51175496456203,0,1,0,1,0
34094006366,1,51175505040079,0,1,0,1,0
34094006358,1,51175505050315,0,1,0,1,0
34094006359,1,51175505054466,0,1,0,1,0
34094006360,1,51175505058099,0,1,0,1,1
34094006361,1,51175505063245,0,1,0,1,0
34094006362,1,51175505066991,0,1,0,1,0
34094006363,1,51175505070602,0,1,0,1,0
34094006364,1,51175505074335,0,1,0,1,0
34094006365,1,51175505078073,0,1,0,1,0
34094006367,1,51175508625329,0,1,0,1,0
34094035800,1,51175510624003,0,1,0,1,1
34094006368,1,51175533897075,0,1,0,1,0
34094038126,1,51175539474294,1,0,0,0,0
34094035801,1,51175554562926,0,1,0,1,0
34094006369,1,51175557291032,0,1,0,1,0
34094006381,1,51175557985494,0,1,0,1,0
34094006370,1,51175557994704,0,1,0,1,1
34094006371,1,51175557998536,0,1,0,1,0
34094006372,1,51175558002340,0,1,0,1,0
34094006373,1,51175558005849,0,1,0,1,0
34094006374,1,51175558010937,0,1,0,1,0
34094006375,1,51175558014485,0,1,0,1,0
34094006376,1,51175558018242,0,1,0,1,0
34094006377,1,51175558021689,0,1,0,1,0
34094006378,1,51175558025842,0,1,0,1,0
34094006379,1,51175558029525,0,1,0,1,0
34094006380,1,51175558033302,0,1,0,1,1
34094035793,1,51175587317283,0,1,0,1,0
34094035802,1,51175598891792,0,1,0,1,0
34094006384,1,51175600259067,0,1,0,1,0
34094006382,1,51175600271352,0,1,0,1,0
34094006383,1,51175600275543,0,1,0,1,0
34094006385,1,51175610495926,0,1,0,1,0
34094035794,1,51175622110162,0,1,0,1,0
34094006386,1,51175624843508,0,1,0,1,0
34094006387,1,51175639170619,0,1,0,1,0
34094035803,1,51175642611212,0,1,0,1,0
34094006388,1,51175653506622,0,1,0,1,0
34094035795,1,51175656943438,0,1,0,1,0
34094006389,1,51175667838983,0,1,0,1,0
34094006390,1,51175682187327,0,1,0,1,1
34094035804,1,51175688218806,0,1,0,1,0
34094035808,1,51175692488879,0,1,0,1,0
34094006391,1,51175696571074,0,1,0,1,0
34094038847,1,51175705158237,0,1,0,1,0
34094006392,1,51175710945083,0,1,0,1,0
34094035805,1,51175719054764,0,1,0,1,0
34094006396,1,51175721204662,0,1,0,1,0
34094006393,1,51175721217264,0,1,0,1,0
34094006394,1,51175721221226,0,1,0,1,0
34094006395,1,51175721226504,0,1,0,1,0
34094006397,1,51175727864809,0,1,0,1,0
34094006398,1,51175737811904,0,1,0,1,0
34094006399,1,51175751071665,0,1,0,1,0
34094035806,1,51175757062771,0,1,0,1,0
34094006400,1,51175764341310,0,1,0,1,1
34094006401,1,51175778299387,0,1,0,1,0
34094006402,1,51175791503935,0,1,0,1,0
34094035807,1,51175800121487,0,1,0,1,0
34094006403,1,51175804736604,0,1,0,1,0
34094006404,1,51175817947165,0,1,0,1,0
34094006405,1,51175831171099,0,1,0,1,0
34094006406,1,51175844405196,0,1,0,1,0
34094006407,1,51175857628169,0,1,0,1,0
34094006408,1,51175870852708,0,1,0,1,0
34094006409,1,51175884092417,0,1,0,1,0
34094035809,1,51175884119362,0,1,0,1,0
34094006410,1,51175897347842,0,1,0,1,1
34094006411,1,51175910595272,0,1,0,1,0
34094035797,1,51175918568453,0,1,0,1,0
34094006412,1,51175923868274,0,1,0,1,0
34094035810,1,51175926578295,0,1,0,1,1
34094006413,1,51175937221388,0,1,0,1,0
34094006414,1,51175947156700,0,1,0,1,0
34094035798,1,51175952494045,0,1,0,1,0
34094402156,1,51175956187507,0,1,0,1,0
34094401902,1,51175956195982,1,0,0,0,0
34094402211,1,51175956199158,1,0,0,0,0
34094403694,1,51175956202268,1,0,0,0,0
34094402165,1,51175956205466,1,0,0,0,0
34094401901,1,51175956208162,1,0,0,0,0
34094402314,1,51175956210895,1,0,0,0,0
34094402242,1,51175956214072,1,0,0,0,0
34094402202,1,51175956217171,0,1,0,1,0
34094402311,1,51175956219664,0,1,0,1,0
34094402160,1,51175956222875,1,0,0,0,1
34094378480,1,51175956226020,1,0,0,0,1
34094402103,1,51175956229369,1,0,0,0,0
34094402075,1,51175956231982,1,0,0,0,0
34094402164,1,51175956234908,1,0,0,0,0
34094402168,1,51175956237804,1,0,0,0,0
34094402370,1,51175956241453,1,0,0,0,1
34094401978,1,51175956246265,1,0,0,0,0
34094402240,1,51175956249578,1,0,0,0,1
34094402313,1,51175956252941,1,0,0,0,0
34094401424,1,51175956256230,1,0,0,0,0
34094402276,1,51175956259386,1,0,0,0,0
34094402272,1,51175956262510,1,0,0,0,0
34094402174,1,51175956265089,1,0,0,0,0
34094402304,1,51175956273017,0,1,0,1,0
34094402356,1,51175956275767,1,0,0,0,0
34094402210,1,51175956278442,1,0,0,0,1
34094402209,1,51175956280990,1,0,0,0,0
34094402305,1,51175956284548,1,0,0,0,0
34094378308,1,51175956291617,1,0,0,0,0
34094378324,1,51175956294469,1,0,0,0,0
34094401726,1,51175956299356,0,1,0,1,0
34094402166,1,51175956302083,0,1,0,1,0
34094401686,1,51175956304614,0,1,0,1,0
34094368511,1,51175956308042,1,0,0,0,0
34094401405,1,51175956311953,1,0,0,0,0
34094401590,1,51175956315179,1,0,0,0,1
34094402274,1,51175956321560,0,1,0,1,0
34094402315,1,51175956324704,1,0,0,0,0
34094402187,1,51175956327212,1,0,0,0,0
34094401426,1,51175956331609,1,0,0,0,0
34094401407,1,51175956336531,0,1,0,1,0
34094378322,1,51175956341647,1,0,0,0,0
34094401381,1,51175956344886,0,1,0,1,0
34094401416,1,51175956347450,1,0,0,0,0
34094401404,1,51175956349847,1,0,0,0,0
34094401412,1,51175956353108,1,0,0,0,0
34094378439,1,51175956356009,0,1,0,1,0
34094402241,1,51175956364254,1,0,0,0,0
34094378482,1,51175956367323,1,0,0,0,0
34094401914,1,51175956372807,1,0,0,0,0
34094378442,1,51175956375651,0,1,0,1,0
34094402273,1,51175956378517,0,1,0,1,0
34094378323,1,51175956381200,1,0,0,0,0
34094378349,1,51175956383937,1,0,0,0,0
34094378296,1,51175956386508,1,0,0,0,0
34094378331,1,51175956389286,1,0,0,0,0
34094378297,1,51175956391988,1,0,0,0,0
34094403695,1,51175956395011,1,0,0,0,0
34094378347,1,51175956397759,1,0,0,0,0
34094378483,1,51175956400410,1,0,0,0,0
34094378302,1,51175956403112,1,0,0,0,0
34094378392,1,51175956405572,1,0,0,0,0
34094378300,1,51175956408284,1,0,0,0,1
34094378348,1,51175956410848,1,0,0,0,0
34094378416,1,51175956413503,1,0,0,0,0
34094378557,1,51175956416482,1,0,0,0,0
34094401999,1,51175956418985,0,1,0,1,0
34094378321,1,51175956422360,1,0,0,0,0
34094378395,1,51175956425846,1,0,0,0,0
34094378379,1,51175956430112,1,0,0,0,0
34094378413,1,51175956432976,1,0,0,0,0
34094402044,1,51175956435971,1,0,0,0,0
34094378309,1,51175956439172,1,0,0,0,0
34094401403,1,51175956441726,1,0,0,0,0
34094378298,1,51175956445486,0,1,0,1,0
34094401691,1,51175956448494,1,0,0,0,0
34094401690,1,51175956452185,1,0,0,0,1
34094378299,1,51175956455477,0,1,0,1,0
34094368661,1,51175956458865,0,1,0,1,0
34094378476,1,51175956461674,1,0,0,0,0
34094402344,1,51175956464365,0,1,0,1,0
34094378437,1,51175956466917,0,1,0,1,0
34094401402,1,51175956469607,1,0,0,0,0
34094401887,1,51175956472248,0,1,0,1,0
34094378472,1,51175956474832,1,0,0,0,0
34094368665,1,51175956477410,1,0,0,0,0
34094402002,1,51175956480192,1,0,0,0,0
34094368658,1,51175956482664,1,0,0,0,0
34094401413,1,51175956485380,1,0,0,0,0
34094401395,1,51175956488120,1,0,0,0,0
34094401689,1,51175956491236,1,0,0,0,0
34094401735,1,51175956494537,0,1,0,1,0
34094403701,1,51175956497988,1,0,0,0,0
34094378441,1,51175956500707,0,1,0,1,0
34094368586,1,51175956503799,0,1,0,1,0
34094368577,1,51175956506445,0,1,0,1,0
34094378373,1,51175956509179,1,0,0,0,0
34094401443,1,51175956511753,1,0,0,0,0
34094401709,1,51175956514311,0,1,0,1,0
34094401710,1,51175956516814,1,0,0,0,1
34094378438,1,51175956519313,1,0,0,0,0
34094401433,1,51175956521647,1,0,0,0,0
34094401633,1,51175956524175,1,0,0,0,0
34094378350,1,51175956527403,1,0,0,0,1
34094378381,1,51175956529898,0,1,0,1,0
34094404085,1,51175956533253,1,0,0,0,0
34094402217,1,51175956535834,0,1,0,1,0
34094378412,1,51175956543616,1,0,0,0,0
34094378310,1,51175956546564,1,0,0,0,1
34094378517,1,51175956549197,0,1,0,1,0
34094378378,1,51175956552419,1,0,0,0,0
34094401435,1,51175956556609,1,0,0,0,0
34094401943,1,51175956560323,1,0,0,0,0
34094402357,1,51175956563096,0,1,0,1,0
34094401915,1,51175956566021,0,1,0,1,0
34094402328,1,51175956568916,0,1,0,1,0
34094378305,1,51175956573189,0,1,0,1,0
34094402295,1,51175956576030,1,0,0,0,0
34094401659,1,51175956579114,1,0,0,0,0
34094378377,1,51175956582809,1,0,0,0,0
34094401417,1,51175956586451,1,0,0,0,0
34094378301,1,51175956591039,0,1,0,1,0
34094378473,1,51175956593731,1,0,0,0,0
34094378500,1,51175956596793,0,1,0,1,1
34094401878,1,51175956600824,1,0,0,0,0
34094401829,1,51175956603890,1,0,0,0,0
34094401867,1,51175956610713,1,0,0,0,0
34094378382,1,51175956656542,1,0,0,0,0
34094402233,1,51175956666458,1,0,0,0,0
34094401941,1,51175956673718,1,0,0,0,0
34094402358,1,51175956681139,1,0,0,0,0
34094402310,1,51175956684912,1,0,0,0,1
34094401599,1,51175956691237,0,1,0,1,0
34094401885,1,51175956694529,1,0,0,0,0
34094378444,1,51175956699419,1,0,0,0,0
34094378443,1,51175956707053,1,0,0,0,0
34094378513,1,51175956721478,0,1,0,1,0
34094401812,1,51175956726988,1,0,0,0,0
34094368747,1,51175956737406,1,0,0,0,0
34094401202,1,51175956742586,0,1,0,1,0
34094401575,1,51175956745532,1,0,0,0,0
34094401656,1,51175956748444,1,0,0,0,0
34094401247,1,51175956751092,1,0,0,0,0
34094401239,1,51175956753716,1,0,0,0,0
34094401234,1,51175956756352,1,0,0,0,0
34094401235,1,51175956758876,1,0,0,0,0
34094401866,1,51175956761343,1,0,0,0,0
34094401230,1,51175956764022,1,0,0,0,1
34094401229,1,51175956766800,1,0,0,0,0
34094402286,1,51175956769448,0,1,0,1,0
34094402275,1,51175956771856,1,0,0,0,0
34094401859,1,51175956774523,0,1,0,1,0
34094401662,1,51175956778052,1,0,0,0,0
34094401246,1,51175956780586,1,0,0,0,0
34094402331,1,51175956783381,1,0,0,0,0
34094401208,1,51175956785945,1,0,0,0,0
34094401203,1,51175956788564,0,1,0,1,0
34094402334,1,51175956791919,1,0,0,0,0
34094402185,1,51175956794536,1,0,0,0,0
34094401213,1,51175956797407,1,0,0,0,0
34094402359,1,51175956800848,0,1,0,1,0
34094401221,1,51175956803475,1,0,0,0,0
34094401224,1,51175956806048,1,0,0,0,0
34094401639,1,51175956808597,1,0,0,0,0
34094401240,1,51175956811017,0,1,0,1,1
34094402312,1,51175956813926,1,0,0,0,0
34094401745,1,51175956816927,0,1,0,1,0
34094401222,1,51175956819433,1,0,0,0,0
34094402021,1,51175956822210,1,0,0,0,0
34094402167,1,51175956824845,1,0,0,0,0
34094402277,1,51175956828692,1,0,0,0,0
34094401225,1,51175956834527,1,0,0,0,0
34094401657,1,51175956837914,1,0,0,0,0
34094401519,1,51175956842440,0,1,0,1,0
34094402260,1,51175956859811,1,0,0,0,1
34094368588,1,51175956869579,0,1,0,1,0
34094401903,1,51175956874011,1,0,0,0,0
34094401212,1,51175956894416,1,0,0,0,0
34094402380,1,51175956900396,1,0,0,0,1
34094402243,1,51175956903687,1,0,0,0,0
34094401840,1,51175956960158,1,0,0,0,1
34094401236,1,51175956965711,1,0,0,0,0
34094401238,1,51175956968382,1,0,0,0,0
34094402222,1,51175957017329,1,0,0,0,0
34094401864,1,51175957044441,1,0,0,0,0
34094401266,1,51175957047957,0,1,0,1,0
34094401263,1,51175957050684,1,0,0,0,0
34094401848,1,51175957053415,1,0,0,0,0
34094401860,1,51175957056005,1,0,0,0,1
34094401836,1,51175957058593,1,0,0,0,0
34094401846,1,51175957061162,0,1,0,1,0
34094401865,1,51175957063946,1,0,0,0,0
34094401913,1,51175957066635,1,0,0,0,0
34094402292,1,51175957069238,1,0,0,0,0
34094401920,1,51175957071975,1,0,0,0,1
34094402249,1,51175957080100,1,0,0,0,0
34094368576,1,51175957127520,0,1,0,1,0
34094378372,1,51175957131268,1,0,0,0,0
34094401442,1,51175957134024,1,0,0,0,0
34094401384,1,51175957136629,1,0,0,0,0
34094401385,1,51175957139187,1,0,0,0,0
34094378569,1,51175957141805,1,0,0,0,0
34094403696,1,51175957149676,1,0,0,0,0
34094401511,1,51175957169955,0,1,0,1,0
34094378410,1,51175957199361,1,0,0,0,1
34094378493,1,51175957202815,1,0,0,0,0
34094402290,1,51175957205714,1,0,0,0,1
34094401925,1,51175957211860,0,1,0,1,0
34094401877,1,51175957214539,0,1,0,1,0
34094401927,1,51175957217261,0,1,0,1,0
34094402189,1,51175957232640,1,0,0,0,0
34094368570,1,51175957238078,0,1,0,1,1
34094401392,1,51175957242225,1,0,0,0,0
34094378332,3,51175957253598,2,1,0,0,0
34094378306,1,51175957271963,1,0,0,0,0
34094401406,1,51175957322999,0,1,0,1,0
34094402078,1,51175957342029,1,0,0,0,0
34094401816,1,51175957349620,1,0,0,0,0
34094402215,1,51175957358155,1,0,0,0,0
34094401504,1,51175957361440,1,0,0,0,0
34094401502,1,51175957364227,1,0,0,0,0
34094401882,1,51175957367277,1,0,0,0,0
34094401371,1,51175957369899,0,1,0,1,0
34094401449,1,51175957372448,1,0,0,0,0
34094401429,1,51175957375043,1,0,0,0,0
34094378463,1,51175957378123,0,1,0,1,0
34094401388,1,51175957380652,1,0,0,0,0
34094401467,3,51175957384435,2,1,0,0,0
34094402270,1,51175957386919,1,0,0,0,1
34094402271,1,51175957389565,1,0,0,0,0
34094401330,1,51175957392528,1,0,0,0,1
34094401377,1,51175957396457,1,0,0,0,0
34094402035,1,51175957398988,1,0,0,0,0
34094402037,1,51175957401748,0,1,0,1,0
34094401581,1,51175957404579,1,0,0,0,0
34094401425,1,51175957407275,1,0,0,0,0
34094401679,1,51175957409795,1,0,0,0,0
34094402255,1,51175957412742,1,0,0,0,0
34094378461,1,51175957415407,1,0,0,0,0
34094401369,1,51175957418077,1,0,0,0,0
34094401365,1,51175957420760,1,0,0,0,0
34094401323,1,51175957423278,1,0,0,0,0
34094401505,1,51175957426006,1,0,0,0,0
34094401591,1,51175957429018,1,0,0,0,0
34094402028,1,51175957431696,0,1,0,1,0
34094401666,1,51175957434308,1,0,0,0,0
34094401564,1,51175957436833,0,1,0,1,0
34094401503,1,51175957439503,1,0,0,0,0
34094402036,1,51175957441997,1,0,0,0,0
34094401994,1,51175957444749,1,0,0,0,0
34094401631,1,51175957447232,1,0,0,0,0
34094402218,1,51175957449753,0,1,0,1,0
34094402038,1,51175957452531,1,0,0,0,0
34094401624,1,51175957454958,1,0,0,0,0
34094401683,1,51175957458367,1,0,0,0,0
34094401673,1,51175957461720,1,0,0,0,0
34094401465,1,51175957465117,1,0,0,0,0
34094401979,1,51175957469030,1,0,0,0,0
34094402381,1,51175957471536,1,0,0,0,0
34094401669,1,51175957475321,1,0,0,0,0
34094401926,1,51175957478147,0,1,0,1,0
34094401319,1,51175957481123,1,0,0,0,0
34094401612,1,51175957483518,1,0,0,0,0
34094401629,1,51175957486476,0,1,0,1,0
34094401277,1,51175957489019,1,0,0,0,0
34094401278,1,51175957491654,1,0,0,0,0
34094402025,1,51175957494456,1,0,0,0,0
34094401217,1,51175957497268,0,1,0,1,0
34094402000,1,51175957499942,1,0,0,0,1
34094401617,1,51175957503769,1,0,0,0,0
34094401331,1,51175957506273,1,0,0,0,0
34094401306,1,51175957508841,1,0,0,0,0
34094402026,1,51175957511890,1,0,0,0,0
34094401348,1,51175957515140,1,0,0,0,0
34094401081,1,51175957518830,1,0,0,0,0
34094401064,1,51175957521355,1,0,0,0,0
34094378453,1,51175957527568,1,0,0,0,0
34094401093,1,51175957537782,1,0,0,0,0
34094378424,1,51175957541422,1,0,0,0,0
34094401870,1,51175957544414,1,0,0,0,1
34094378383,1,51175957571828,1,0,0,0,0
34094402221,1,51175957582151,1,0,0,0,0
34094401886,1,51175957605061,1,0,0,0,0
34094401899,1,51175957608792,1,0,0,0,0
34094402170,1,51175957611723,1,0,0,0,1
34094378307,1,51175957635100,0,1,0,1,0
34094368600,1,51175957642257,0,1,0,1,1
34094401818,1,51175957646052,0,1,0,1,0
34094401580,1,51175957651733,0,1,0,1,1
34094402024,1,51175957654322,1,0,0,0,0
34094401985,1,51175957657289,1,0,0,0,0
34094378460,1,51175957660138,0,1,0,1,1
34094402333,1,51175957662803,1,0,0,0,0
34094402332,1,51175957665236,1,0,0,0,0
34094402329,1,51175957667739,1,0,0,0,0
34094402336,1,51175957670568,1,0,0,0,0
34094402213,1,51175957673172,1,0,0,0,0
34094402338,1,51175957675705,1,0,0,0,0
34094402204,1,51175957678322,1,0,0,0,0
34094402176,1,51175957681143,1,0,0,0,0
34094401912,1,51175957695740,1,0,0,0,0
34094378333,3,51175957714795,2,1,0,0,0
34094378409,1,51175957745643,1,0,0,0,0
34094006415,1,51175961535220,0,1,0,1,0
34094401065,1,51175964247882,1,0,0,0,0
34094038100,3,51175964929817,1,2,0,0,1
34094038101,1,51175964258633,1,0,0,0,0
34094038100,3,51175964929817,1,2,669846,1,1
34094038100,3,51175964929817,1,2,4813,1,1
34094006428,1,51175971509555,0,1,0,1,0
34094006416,1,51175971521385,0,1,0,1,0
34094006417,1,51175971525270,0,1,0,1,0
34094006418,1,51175971529341,0,1,0,1,0
34094006419,1,51175971534638,0,1,0,1,0
34094006420,1,51175971538275,0,1,0,1,1
34094006421,1,51175971542121,0,1,0,1,0
34094006422,1,51175971545802,0,1,0,1,0
34094006423,1,51175971549563,0,1,0,1,0
34094006424,1,51175971553243,0,1,0,1,0
34094006425,1,51175971557166,0,1,0,1,0
34094006426,1,51175971560821,0,1,0,1,0
34094006427,1,51175971564849,0,1,0,1,0
34094035811,1,51175972260932,0,1,0,1,0
34094006429,1,51175981539814,0,1,0,1,0
34094035799,1,51175987533755,0,1,0,1,0
34094006430,1,51175997487039,0,1,0,1,1
34094006431,1,51176011418495,0,1,0,1,0
34094035812,1,51176014767581,0,1,0,1,0
34094035816,1,51176022085380,0,1,0,1,0
34094006432,1,51176025411077,0,1,0,1,0
34094038102,1,51176032132540,1,0,0,0,0
34094401608,1,51176037283523,0,1,0,1,0
34094006433,1,51176039395771,0,1,0,1,0
34094006434,1,51176053339237,0,1,0,1,0
34094035813,1,51176056685361,0,1,0,1,0
34094006437,1,51176064644857,0,1,0,1,0
34094006435,1,51176064659605,0,1,0,1,0
34094006436,1,51176064664067,0,1,0,1,0
34094006438,1,51176066651171,0,1,0,1,0
34094006439,1,51176080607588,0,1,0,1,0
34094006444,1,51176090575085,0,1,0,1,0
34094006440,1,51176090589479,0,1,0,1,1
34094006441,1,51176090593767,0,1,0,1,0
34094006442,1,51176090597419,0,1,0,1,0
34094006443,1,51176090601331,0,1,0,1,0
34094006445,1,51176096604377,0,1,0,1,0
34094035814,1,51176099293310,0,1,0,1,0
34094038103,1,51176100018105,1,0,0,0,0
34094006446,1,51176110636328,0,1,0,1,0
34094006447,1,51176124665517,0,1,0,1,0
34094006451,1,51176136722799,0,1,0,1,0
34094006448,1,51176136737710,0,1,0,1,0
34094006449,1,51176136741823,0,1,0,1,0
34094006450,1,51176136745408,0,1,0,1,1
34094035815,1,51176142097314,0,1,0,1,0
34094006452,1,51176149427182,0,1,0,1,0
34094006453,1,51176163451408,0,1,0,1,0
34094038104,1,51176168874429,1,0,0,0,0
34094006454,1,51176176195079,0,1,0,1,0
34094006455,1,51176190242553,0,1,0,1,0
34094006456,1,51176206324629,0,1,0,1,0
34094038105,1,51176237204980,1,0,0,0,0
34094035817,1,51176253241062,0,1,0,1,0
34094006457,1,51176267314522,0,1,0,1,0
34094401219,1,51176268057915,0,1,0,1,0
34094402009,1,51176268063868,1,0,0,0,0
34094401681,1,51176268067243,1,0,0,0,0
34094401379,1,51176268070333,0,1,0,1,0
34094402008,1,51176268073765,1,0,0,0,0
34094401509,1,51176268076530,1,0,0,0,0
34094401508,1,51176268079744,1,0,0,0,0
34094401334,1,51176268083385,1,0,0,0,0
34094401583,1,51176268092892,1,0,0,0,0
34094401333,1,51176268096327,1,0,0,0,0
34094401340,1,51176268098948,1,0,0,0,1
34094401619,1,51176268103052,1,0,0,0,0
34094401935,1,51176268106394,1,0,0,0,0
34094401091,1,51176268112071,1,0,0,0,0
23048195509,1,51180397865659,0,1,0,1,0
23048190276,1,51180397896892,1,0,0,0,0
23048189789,1,51180397914609,1,0,0,0,0
23048195510,1,51180398065580,0,1,0,1,1
23048190313,1,51180398129667,1,0,0,0,0
34184498040,2,51180398837529,0,2,0,1,1
34184498040,2,51180398837529,0,2,85288,1,1
34094006458,1,51180403870811,0,1,0,1,0
34184498050,2,51180409049752,0,2,0,1,1
34184498050,2,51180409049752,0,2,38738,1,1
34184498060,2,51180419281446,0,2,0,1,1
34184498060,2,51180419281446,0,2,56558,1,1
34184498070,2,51180429490284,0,2,0,1,1
34184498070,2,51180429490284,0,2,38311,1,1
34184498080,1,51180439753645,0,2,0,1,1
34184498080,2,51180439753645,0,2,95557,1,1
34094035818,1,51180441000189,0,1,0,1,0
34184498090,2,51180449983456,0,2,0,1,1
34184498090,2,51180449983456,0,2,39325,1,1
34184498100,2,51180460241998,0,2,0,1,1
34184498100,2,51180460241998,0,2,87274,1,1
34184498110,2,51180470474697,0,2,0,1,1
34184498110,2,51180470474697,0,2,39246,1,1
34184498120,2,51180480732467,0,2,0,1,1
34184498120,2,51180480732467,0,2,85669,1,1
34184498130,2,51180490962680,0,2,0,1,1
34184498130,2,51180490962680,0,2,38862,1,1
34094006459,1,51180494468632,0,1,0,1,0
34184498140,2,51180501210405,0,2,0,1,1
34184498140,2,51180501210405,0,2,81510,1,1
34184498150,2,51180511439757,0,2,0,1,1
34184498150,2,51180511439757,0,2,38895,1,1
34184498160,2,51180521694793,0,2,0,1,1
34184498160,2,51180521694793,0,2,87054,1,1
34184498170,2,51180531925636,0,2,0,1,1
34184498170,2,51180531925636,0,2,39359,1,1
34184498180,2,51180542178888,0,2,0,1,1
34184498180,2,51180542178888,0,2,85025,1,1
34184498190,2,51180552411039,0,2,0,1,1
34184498190,2,51180552411039,0,2,39579,1,1
34184498200,2,51180562665192,0,2,0,1,1
34184498200,2,51180562665192,0,2,85816,1,1
34184498210,2,51180572895350,0,2,0,1,1
34184498210,2,51180572895350,0,2,39609,1,1
34184498220,2,51180583151852,0,2,0,1,1
34184498220,2,51180583151852,0,2,87090,1,1
34184498230,2,51180593382425,0,2,0,1,1
34184498230,2,51180593382425,0,2,39392,1,1
34094006460,1,51180596867987,0,1,0,1,1
34184498240,2,51180603632997,0,2,0,1,1
34184498240,2,51180603632997,0,2,81027,1,1
34184498250,2,51180613863999,0,2,0,1,1
34184498250,2,51180613863999,0,2,39259,1,1
34184498260,2,51180624117598,0,2,0,1,1
34184498260,2,51180624117598,0,2,86496,1,1
34184498270,2,51180634348288,0,2,0,1,1
34184498270,2,51180634348288,0,2,39616,1,1
34184498280,2,51180644613113,0,2,0,1,1
34184498280,2,51180644613113,0,2,85268,1,1
34184498290,2,51180654843899,0,2,0,1,1
34184498290,2,51180654843899,0,2,39332,1,1
34184498300,2,51180665097334,0,2,0,1,1
34184498300,2,51180665097334,0,2,82749,1,1
34184498310,2,51180675328964,0,2,0,1,1
34184498310,2,51180675328964,0,2,40303,1,1
34094006464,1,51180678824955,0,1,0,1,0
34094006461,1,51180678867043,0,1,0,1,0
34094006462,1,51180678877722,0,1,0,1,0
34094006463,1,51180678886920,0,1,0,1,0
34094035819,1,51180680744961,0,1,0,1,0
34184498320,2,51180685575895,0,2,0,1,1
34184498320,2,51180685575895,0,2,85081,1,1
34184498330,2,51180695807362,0,2,0,1,1
34184498330,2,51180695807362,0,2,39238,1,1
34184498340,2,51180706061070,0,2,0,1,1
34184498340,2,51180706061070,0,2,85134,1,1
34094006465,1,51180709517629,0,1,0,1,0
34184498350,2,51180716297083,0,2,0,1,1
34184498350,2,51180716297083,0,2,39886,1,1
34184498360,2,51180726552180,0,2,0,1,1
34184498360,2,51180726552180,0,2,85355,1,1
34184498370,2,51180736784769,0,2,0,1,1
34184498370,2,51180736784769,0,2,39766,1,1
34184498380,2,51180747040677,0,2,0,1,1
34184498380,2,51180747040677,0,2,86650,1,1
34184498390,2,51180757275480,0,2,0,1,1
34184498390,2,51180757275480,0,2,39843,1,1
34184498400,2,51180767530190,0,2,0,1,1
34184498400,2,51180767530190,0,2,84257,1,1
34184498410,2,51180777779505,0,2,0,1,1
34184498410,2,51180777779505,0,2,45980,1,1
34184498420,2,51180788048116,0,2,0,1,1
34184498420,2,51180788048116,0,2,98256,1,1
34184498430,2,51180798280067,0,2,0,1,1
34184498430,2,51180798280067,0,2,39836,1,1
34184498440,2,51180808536612,0,2,0,1,1
34184498440,2,51180808536612,0,2,86590,1,1
34094006466,1,51180811985115,0,1,0,1,0
34184498450,2,51180818768223,0,2,0,1,1
34184498450,2,51180818768223,0,2,39960,1,1
34184498460,2,51180829024111,0,2,0,1,1
34184498460,2,51180829024111,0,2,84047,1,1
34184498470,2,51180839256322,0,2,0,1,1
34184498470,2,51180839256322,0,2,39836,1,1
34184498480,2,51180849511729,0,2,0,1,1
34184498480,2,51180849511729,0,2,85041,1,1
34184498490,2,51180859746500,0,2,0,1,1
34184498490,2,51180859746500,0,2,39936,1,1
34184498500,2,51180870005482,0,2,0,1,1
34184498500,2,51180870005482,0,2,86787,1,1
34184498510,2,51180880237151,0,2,0,1,1
34184498510,2,51180880237151,0,2,39822,1,1
34184498520,2,51180890495783,0,2,0,1,1
34184498520,2,51180890495783,0,2,84911,1,1
34184498530,2,51180900726519,0,2,0,1,1
34184498530,2,51180900726519,0,2,39789,1,1
34094006467,1,51180904242249,0,1,0,1,0
34184498540,2,51180910980031,0,2,0,1,1
34184498540,2,51180910980031,0,2,84164,1,1
34094035820,1,51180912743890,0,1,0,1,1
34184498550,2,51180921211811,0,2,0,1,1
34184498550,2,51180921211811,0,2,39912,1,1
34184498560,2,51180931459507,0,2,0,1,1
34184498560,2,51180931459507,0,2,81358,1,1
34184498570,2,51180941701716,0,2,0,1,1
34184498570,2,51180941701716,0,2,39646,1,1
34184498580,2,51180951971791,0,2,0,1,1
34184498580,2,51180951971791,0,2,89764,1,1
34184498590,2,51180962219949,0,2,0,1,1
34184498590,2,51180962219949,0,2,39489,1,1
34184498600,2,51180972469841,0,2,0,1,1
34184498600,2,51180972469841,0,2,83360,1,1
34184498610,2,51180982700897,0,2,0,1,1
34184498610,2,51180982700897,0,2,39913,1,1
34184498620,2,51180992915394,0,2,0,1,1
34184498620,2,51180992915394,0,2,84441,1,1
34184498630,2,51181003137116,0,2,0,1,1
34184498630,2,51181003137116,0,2,39839,1,1
34094006468,1,51181004897821,0,1,0,1,0
34184498640,2,51181013389803,0,2,0,1,1
34184498640,2,51181013389803,0,2,88976,1,1
34184498650,2,51181023619254,0,2,0,1,1
34184498650,2,51181023619254,0,2,39672,1,1
34184498660,2,51181033871622,0,2,0,1,1
34184498660,2,51181033871622,0,2,82980,1,1
34184498670,2,51181044100929,0,2,0,1,1
34184498670,2,51181044100929,0,2,39379,1,1
34184498680,2,51181054350186,0,2,0,1,1
34184498680,2,51181054350186,0,2,83340,1,1
34184498690,2,51181064584840,0,2,0,1,1
34184498690,2,51181064584840,0,2,39913,1,1
34184498700,2,51181074844422,0,2,0,1,1
34184498700,2,51181074844422,0,2,90248,1,1
34184498710,2,51181085087368,0,2,0,1,1
34184498710,2,51181085087368,0,2,39589,1,1
34184498720,2,51181095339933,0,2,0,1,1
34184498720,2,51181095339933,0,2,82492,1,1
34094006469,1,51181097059297,0,1,0,1,0
34184498730,2,51181105574483,0,2,0,1,1
34184498730,2,51181105574483,0,2,39933,1,1
34184498740,2,51181115830537,0,2,0,1,1
34184498740,2,51181115830537,0,2,84000,1,1
34184498750,2,51181126065448,0,2,0,1,1
34184498750,2,51181126065448,0,2,40177,1,1
34184498760,2,51181136323155,0,2,0,1,1
34184498760,2,51181136323155,0,2,89944,1,1
34184498770,2,51181146557411,0,2,0,1,1
34184498770,2,51181146557411,0,2,39746,1,1
34184498780,2,51181156802240,0,2,0,1,1
34184498780,2,51181156802240,0,2,81430,1,1
34184498790,2,51181167043725,0,2,0,1,1
34184498790,2,51181167043725,0,2,45550,1,1
34184498800,2,51181177304105,0,2,0,1,1
34184498800,2,51181177304105,0,2,84794,1,1
34184498810,2,51181187535272,0,2,0,1,1
34184498810,2,51181187535272,0,2,40537,1,1
34184498820,2,51181197796645,0,2,0,1,1
34184498820,2,51181197796645,0,2,89536,1,1
34094006470,1,51181199490039,0,1,0,1,1
34184498830,2,51181208040797,0,2,0,1,1
34184498830,2,51181208040797,0,2,50925,1,1
34184498840,2,51181218300156,0,2,0,1,1
34184498840,2,51181218300156,0,2,81450,1,1
34184498850,2,51181228532568,0,2,0,1,1
34184498850,2,51181228532568,0,2,39866,1,1
34184498860,2,51181238785876,0,2,0,1,1
34184498860,2,51181238785876,0,2,85131,1,1
34184498870,2,51181249016911,0,2,0,1,1
34184498870,2,51181249016911,0,2,39268,1,1
34184498880,2,51181259283432,0,2,0,1,1
34184498880,2,51181259283432,0,2,88001,1,1
34184498890,2,51181269514539,0,2,0,1,1
34184498890,2,51181269514539,0,2,39666,1,1
34094006474,1,51181273036910,0,1,0,1,0
34094006471,1,51181273080083,0,1,0,1,0
34094006472,1,51181273090775,0,1,0,1,0
34094006473,1,51181273100483,0,1,0,1,0
34184498900,2,51181279756934,0,2,0,1,1
34184498900,2,51181279756934,0,2,82235,1,1
34094006475,1,51181282783790,0,1,0,1,0
34184498910,2,51181289988608,0,2,0,1,1
34184498910,2,51181289988608,0,2,39800,1,1
34184498920,2,51181300238908,0,2,0,1,1
34184498920,2,51181300238908,0,2,82462,1,1
34184498930,2,51181310474347,0,2,0,1,1
34184498930,2,51181310474347,0,2,40057,1,1
34184498940,2,51181320731306,0,2,0,1,1
34184498940,2,51181320731306,0,2,90637,1,1
34184498950,2,51181330965076,0,2,0,1,1
34184498950,2,51181330965076,0,2,40177,1,1
34184498960,2,51181341218387,0,2,0,1,1
34184498960,2,51181341218387,0,2,82799,1,1
34184498970,2,51181351456080,0,2,0,1,1
34184498970,2,51181351456080,0,2,39675,1,1
34184498980,2,51181361704804,0,2,0,1,1
34184498980,2,51181361704804,0,2,83259,1,1
34184498990,2,51181371935981,0,2,0,1,1
34184498990,2,51181371935981,0,2,39316,1,1
34094006476,1,51181375435956,0,1,0,1,0
34184499000,2,51181382188445,0,2,0,1,1
34184499000,2,51181382188445,0,2,86537,1,1
34184499010,2,51181392430109,0,2,0,1,1
34184499010,2,51181392430109,0,2,39949,1,1
34184499020,2,51181402648595,0,2,0,1,1
34184499020,2,51181402648595,0,2,87441,1,1
34184499030,2,51181412879948,0,2,0,1,1
34184499030,2,51181412879948,0,2,39522,1,1
23048190335,1,51181429727469,1,0,0,0,0
34184501263,1,51181429752131,1,0,0,0,0
34184501111,1,51181429765877,1,0,0,0,0
34184501067,1,51181429777056,1,0,0,0,0
34358574437,1,51181430588242,0,1,0,1,0
34094403155,1,51181430608909,1,0,0,0,0
34094403154,1,51181430619869,1,0,0,0,0
34094402405,1,51181431509896,0,1,0,1,0
34094401547,1,51181431519640,1,0,0,0,0
34094401706,1,51181431526176,0,1,0,1,0
34094401757,1,51181431531028,1,0,0,0,0
34094401288,1,51181431535714,0,1,0,1,0
34094401947,1,51181431540895,1,0,0,0,0
34094401879,1,51181431545852,1,0,0,0,0
34094401274,1,51181431550858,1,0,0,0,0
34094401200,1,51181431555749,1,0,0,0,1
34094401665,1,51181431559903,1,0,0,0,0
34094402407,1,51181431565887,0,1,0,1,0
34094402406,1,51181431570471,0,1,0,1,0
34094401744,1,51181431576341,1,0,0,0,0
34094401884,1,51181431580754,1,0,0,0,0
34094401289,1,51181431588870,0,1,0,1,0
34094401661,1,51181431593446,1,0,0,0,0
34094401756,1,51181431597949,1,0,0,0,0
34094402367,1,51181431602157,1,0,0,0,0
34358574438,1,51181431606557,0,1,0,1,0
34094402317,1,51181431611271,1,0,0,0,0
34094401515,1,51181431615946,1,0,0,0,0
34094402206,1,51181431623228,1,0,0,0,0
34094401201,1,51181431627780,1,0,0,0,0
34094401546,1,51181431632713,1,0,0,0,0
34094402401,1,51181431640485,1,0,0,0,0
34094401739,1,51181431644750,1,0,0,0,0
34094401637,1,51181431649345,1,0,0,0,0
34094401572,1,51181431653612,1,0,0,0,0
34094401615,1,51181431659679,1,0,0,0,0
34094401586,1,51181431664294,1,0,0,0,0
34094401261,1,51181431671147,1,0,0,0,0
34094401210,1,51181431675480,1,0,0,0,1
34094401748,1,51181431680052,1,0,0,0,0
34094401271,1,51181431684474,1,0,0,0,0
34094401514,1,51181431689445,1,0,0,0,0
34094401587,1,51181431693751,1,0,0,0,0
34094401273,1,51181431698223,1,0,0,0,0
34094401588,1,51181431703983,0,1,0,1,0
34094401986,1,51181431708463,0,1,0,1,0
34094041658,1,51181431717157,1,0,0,0,0
34094402162,1,51181431723791,0,1,0,1,0
34094401982,1,51181431731917,0,1,0,1,0
34094401272,1,51181431735910,1,0,0,0,0
34094401932,1,51181431740862,1,0,0,0,0
34094401942,1,51181431745448,0,1,0,1,0
34094402289,1,51181431750235,1,0,0,0,0
34094401811,1,51181431755314,0,1,0,1,0
34094401921,1,51181431760293,1,0,0,0,0
34094006477,1,51181449503300,0,1,0,1,0
34094006478,1,51181480604430,0,1,0,1,0
34094006479,1,51181502534118,0,1,0,1,0
34094401929,1,51186436844842,1,0,0,0,0
34094401951,1,51186436866337,0,1,0,1,0
34094043742,1,51186436876552,1,0,0,0,0
34094040043,1,51186436888242,0,1,0,1,0
